date,snapshot_date,membership_code
2000-01-31,2000-01-31,AABA
2000-01-31,2000-01-31,AAMRQ
2000-01-31,2000-01-31,ACKH
2000-01-31,2000-01-31,AFS.A
2000-01-31,2000-01-31,AZA.A
2000-01-31,2000-01-31,BF.B
2000-01-31,2000-01-31,BHMSQ
2000-01-31,2000-01-31,CCTYQ
2000-01-31,2000-01-31,COC.B
2000-01-31,2000-01-31,DALRQ
2000-01-31,2000-01-31,DCNAQ
2000-01-31,2000-01-31,DPHIQ
2000-01-31,2000-01-31,EKDKQ
2000-01-31,2000-01-31,ENRNQ
2000-01-31,2000-01-31,FMCC
2000-01-31,2000-01-31,FNMA
2000-01-31,2000-01-31,GAPTQ
2000-01-31,2000-01-31,INCLF
2000-01-31,2000-01-31,LEHMQ
2000-01-31,2000-01-31,MTLQQ
2000-01-31,2000-01-31,MZIAQ
2000-01-31,2000-01-31,OWENQ
2000-01-31,2000-01-31,RDS.A
2000-01-31,2000-01-31,RSHCQ
2000-01-31,2000-01-31,SGID
2000-01-31,2000-01-31,TMC.A
2000-01-31,2000-01-31,UAWGQ
2000-01-31,2000-01-31,WAMUQ
2000-01-31,2000-01-31,WCOEQ
2000-01-31,2000-01-31,WNDXQ
2000-02-29,2000-02-28,AABA
2000-02-29,2000-02-28,AAMRQ
2000-02-29,2000-02-28,ACKH
2000-02-29,2000-02-28,AFS.A
2000-02-29,2000-02-28,AZA.A
2000-02-29,2000-02-28,BF.B
2000-02-29,2000-02-28,BHMSQ
2000-02-29,2000-02-28,CCTYQ
2000-02-29,2000-02-28,COC.B
2000-02-29,2000-02-28,DALRQ
2000-02-29,2000-02-28,DCNAQ
2000-02-29,2000-02-28,DPHIQ
2000-02-29,2000-02-28,EKDKQ
2000-02-29,2000-02-28,ENRNQ
2000-02-29,2000-02-28,FMCC
2000-02-29,2000-02-28,FNMA
2000-02-29,2000-02-28,GAPTQ
2000-02-29,2000-02-28,INCLF
2000-02-29,2000-02-28,LEHMQ
2000-02-29,2000-02-28,MTLQQ
2000-02-29,2000-02-28,MZIAQ
2000-02-29,2000-02-28,OWENQ
2000-02-29,2000-02-28,RDS.A
2000-02-29,2000-02-28,RSHCQ
2000-02-29,2000-02-28,SGID
2000-02-29,2000-02-28,TMC.A
2000-02-29,2000-02-28,UAWGQ
2000-02-29,2000-02-28,WAMUQ
2000-02-29,2000-02-28,WCOEQ
2000-02-29,2000-02-28,WNDXQ
2000-03-31,2000-03-29,AABA
2000-03-31,2000-03-29,AAMRQ
2000-03-31,2000-03-29,ACKH
2000-03-31,2000-03-29,AFS.A
2000-03-31,2000-03-29,AZA.A
2000-03-31,2000-03-29,BF.B
2000-03-31,2000-03-29,BHMSQ
2000-03-31,2000-03-29,CCTYQ
2000-03-31,2000-03-29,COC.B
2000-03-31,2000-03-29,DALRQ
2000-03-31,2000-03-29,DCNAQ
2000-03-31,2000-03-29,DPHIQ
2000-03-31,2000-03-29,EKDKQ
2000-03-31,2000-03-29,ENRNQ
2000-03-31,2000-03-29,FMCC
2000-03-31,2000-03-29,FNMA
2000-03-31,2000-03-29,GAPTQ
2000-03-31,2000-03-29,INCLF
2000-03-31,2000-03-29,LEHMQ
2000-03-31,2000-03-29,MTLQQ
2000-03-31,2000-03-29,MZIAQ
2000-03-31,2000-03-29,OWENQ
2000-03-31,2000-03-29,RDS.A
2000-03-31,2000-03-29,RSHCQ
2000-03-31,2000-03-29,SGID
2000-03-31,2000-03-29,TMC.A
2000-03-31,2000-03-29,UAWGQ
2000-03-31,2000-03-29,WAMUQ
2000-03-31,2000-03-29,WCOEQ
2000-03-31,2000-03-29,WNDXQ
2000-04-28,2000-04-27,AABA
2000-04-28,2000-04-27,AAMRQ
2000-04-28,2000-04-27,ACKH
2000-04-28,2000-04-27,AFS.A
2000-04-28,2000-04-27,AZA.A
2000-04-28,2000-04-27,BF.B
2000-04-28,2000-04-27,BHMSQ
2000-04-28,2000-04-27,CCTYQ
2000-04-28,2000-04-27,COC.B
2000-04-28,2000-04-27,DALRQ
2000-04-28,2000-04-27,DCNAQ
2000-04-28,2000-04-27,DPHIQ
2000-04-28,2000-04-27,EKDKQ
2000-04-28,2000-04-27,ENRNQ
2000-04-28,2000-04-27,FMCC
2000-04-28,2000-04-27,FNMA
2000-04-28,2000-04-27,GAPTQ
2000-04-28,2000-04-27,INCLF
2000-04-28,2000-04-27,LEHMQ
2000-04-28,2000-04-27,MTLQQ
2000-04-28,2000-04-27,MZIAQ
2000-04-28,2000-04-27,OWENQ
2000-04-28,2000-04-27,RDS.A
2000-04-28,2000-04-27,RSHCQ
2000-04-28,2000-04-27,SGID
2000-04-28,2000-04-27,TMC.A
2000-04-28,2000-04-27,UAWGQ
2000-04-28,2000-04-27,WAMUQ
2000-04-28,2000-04-27,WCOEQ
2000-04-28,2000-04-27,WNDXQ
2000-05-31,2000-05-30,AABA
2000-05-31,2000-05-30,AAMRQ
2000-05-31,2000-05-30,ACKH
2000-05-31,2000-05-30,AFS.A
2000-05-31,2000-05-30,AZA.A
2000-05-31,2000-05-30,BF.B
2000-05-31,2000-05-30,BHMSQ
2000-05-31,2000-05-30,CCTYQ
2000-05-31,2000-05-30,COC.B
2000-05-31,2000-05-30,DALRQ
2000-05-31,2000-05-30,DCNAQ
2000-05-31,2000-05-30,DPHIQ
2000-05-31,2000-05-30,EKDKQ
2000-05-31,2000-05-30,ENRNQ
2000-05-31,2000-05-30,FMCC
2000-05-31,2000-05-30,FNMA
2000-05-31,2000-05-30,GAPTQ
2000-05-31,2000-05-30,INCLF
2000-05-31,2000-05-30,LEHMQ
2000-05-31,2000-05-30,MTLQQ
2000-05-31,2000-05-30,MZIAQ
2000-05-31,2000-05-30,OWENQ
2000-05-31,2000-05-30,RDS.A
2000-05-31,2000-05-30,RSHCQ
2000-05-31,2000-05-30,SGID
2000-05-31,2000-05-30,TMC.A
2000-05-31,2000-05-30,UAWGQ
2000-05-31,2000-05-30,WAMUQ
2000-05-31,2000-05-30,WCOEQ
2000-05-31,2000-05-30,WNDXQ
2000-06-30,2000-06-29,AABA
2000-06-30,2000-06-29,AAMRQ
2000-06-30,2000-06-29,ACKH
2000-06-30,2000-06-29,AFS.A
2000-06-30,2000-06-29,AZA.A
2000-06-30,2000-06-29,BF.B
2000-06-30,2000-06-29,BHMSQ
2000-06-30,2000-06-29,CCTYQ
2000-06-30,2000-06-29,COC.B
2000-06-30,2000-06-29,DALRQ
2000-06-30,2000-06-29,DCNAQ
2000-06-30,2000-06-29,DPHIQ
2000-06-30,2000-06-29,EKDKQ
2000-06-30,2000-06-29,ENRNQ
2000-06-30,2000-06-29,FMCC
2000-06-30,2000-06-29,FNMA
2000-06-30,2000-06-29,GAPTQ
2000-06-30,2000-06-29,INCLF
2000-06-30,2000-06-29,LEHMQ
2000-06-30,2000-06-29,MTLQQ
2000-06-30,2000-06-29,OWENQ
2000-06-30,2000-06-29,RDS.A
2000-06-30,2000-06-29,RSHCQ
2000-06-30,2000-06-29,UAWGQ
2000-06-30,2000-06-29,VSTNQ
2000-06-30,2000-06-29,WAMUQ
2000-06-30,2000-06-29,WCOEQ
2000-06-30,2000-06-29,WNDXQ
2000-07-31,2000-07-31,AABA
2000-07-31,2000-07-31,AAMRQ
2000-07-31,2000-07-31,ACKH
2000-07-31,2000-07-31,AFS.A
2000-07-31,2000-07-31,AZA.A
2000-07-31,2000-07-31,BF.B
2000-07-31,2000-07-31,BHMSQ
2000-07-31,2000-07-31,CCTYQ
2000-07-31,2000-07-31,CIT.A
2000-07-31,2000-07-31,COC.B
2000-07-31,2000-07-31,DALRQ
2000-07-31,2000-07-31,DCNAQ
2000-07-31,2000-07-31,DPHIQ
2000-07-31,2000-07-31,EKDKQ
2000-07-31,2000-07-31,ENRNQ
2000-07-31,2000-07-31,FMCC
2000-07-31,2000-07-31,FNMA
2000-07-31,2000-07-31,GAPTQ
2000-07-31,2000-07-31,INCLF
2000-07-31,2000-07-31,LEHMQ
2000-07-31,2000-07-31,MTLQQ
2000-07-31,2000-07-31,OWENQ
2000-07-31,2000-07-31,RDS.A
2000-07-31,2000-07-31,RSHCQ
2000-07-31,2000-07-31,UAWGQ
2000-07-31,2000-07-31,VSTNQ
2000-07-31,2000-07-31,WAMUQ
2000-07-31,2000-07-31,WCOEQ
2000-07-31,2000-07-31,WNDXQ
2000-08-31,2000-08-30,AABA
2000-08-31,2000-08-30,AAMRQ
2000-08-31,2000-08-30,ACKH
2000-08-31,2000-08-30,AFS.A
2000-08-31,2000-08-30,AZA.A
2000-08-31,2000-08-30,BF.B
2000-08-31,2000-08-30,BHMSQ
2000-08-31,2000-08-30,CCTYQ
2000-08-31,2000-08-30,CIT.A
2000-08-31,2000-08-30,COC.B
2000-08-31,2000-08-30,DALRQ
2000-08-31,2000-08-30,DCNAQ
2000-08-31,2000-08-30,DPHIQ
2000-08-31,2000-08-30,EKDKQ
2000-08-31,2000-08-30,ENRNQ
2000-08-31,2000-08-30,FMCC
2000-08-31,2000-08-30,FNMA
2000-08-31,2000-08-30,INCLF
2000-08-31,2000-08-30,LEHMQ
2000-08-31,2000-08-30,MTLQQ
2000-08-31,2000-08-30,OWENQ
2000-08-31,2000-08-30,RDS.A
2000-08-31,2000-08-30,RSHCQ
2000-08-31,2000-08-30,UAWGQ
2000-08-31,2000-08-30,VSTNQ
2000-08-31,2000-08-30,WAMUQ
2000-08-31,2000-08-30,WCOEQ
2000-08-31,2000-08-30,WNDXQ
2000-09-29,2000-09-27,AABA
2000-09-29,2000-09-27,AAMRQ
2000-09-29,2000-09-27,ACKH
2000-09-29,2000-09-27,AFS.A
2000-09-29,2000-09-27,AZA.A
2000-09-29,2000-09-27,BF.B
2000-09-29,2000-09-27,BHMSQ
2000-09-29,2000-09-27,CCTYQ
2000-09-29,2000-09-27,CIT.A
2000-09-29,2000-09-27,COC.B
2000-09-29,2000-09-27,DALRQ
2000-09-29,2000-09-27,DCNAQ
2000-09-29,2000-09-27,DPHIQ
2000-09-29,2000-09-27,EKDKQ
2000-09-29,2000-09-27,ENRNQ
2000-09-29,2000-09-27,FMCC
2000-09-29,2000-09-27,FNMA
2000-09-29,2000-09-27,INCLF
2000-09-29,2000-09-27,LEHMQ
2000-09-29,2000-09-27,MTLQQ
2000-09-29,2000-09-27,OWENQ
2000-09-29,2000-09-27,RDS.A
2000-09-29,2000-09-27,RSHCQ
2000-09-29,2000-09-27,UAWGQ
2000-09-29,2000-09-27,VSTNQ
2000-09-29,2000-09-27,WAMUQ
2000-09-29,2000-09-27,WCOEQ
2000-09-29,2000-09-27,WNDXQ
2000-10-31,2000-10-30,AABA
2000-10-31,2000-10-30,AAMRQ
2000-10-31,2000-10-30,ACKH
2000-10-31,2000-10-30,AFS.A
2000-10-31,2000-10-30,AZA.A
2000-10-31,2000-10-30,BF.B
2000-10-31,2000-10-30,BHMSQ
2000-10-31,2000-10-30,CCTYQ
2000-10-31,2000-10-30,CIT.A
2000-10-31,2000-10-30,COC.B
2000-10-31,2000-10-30,DALRQ
2000-10-31,2000-10-30,DCNAQ
2000-10-31,2000-10-30,DPHIQ
2000-10-31,2000-10-30,EKDKQ
2000-10-31,2000-10-30,ENRNQ
2000-10-31,2000-10-30,FMCC
2000-10-31,2000-10-30,FNMA
2000-10-31,2000-10-30,INCLF
2000-10-31,2000-10-30,LEHMQ
2000-10-31,2000-10-30,MTLQQ
2000-10-31,2000-10-30,RDS.A
2000-10-31,2000-10-30,RSHCQ
2000-10-31,2000-10-30,UAWGQ
2000-10-31,2000-10-30,VSTNQ
2000-10-31,2000-10-30,WAMUQ
2000-10-31,2000-10-30,WCOEQ
2000-10-31,2000-10-30,WNDXQ
2000-11-30,2000-11-29,AABA
2000-11-30,2000-11-29,AAMRQ
2000-11-30,2000-11-29,AFS.A
2000-11-30,2000-11-29,AZA.A
2000-11-30,2000-11-29,BF.B
2000-11-30,2000-11-29,BHMSQ
2000-11-30,2000-11-29,CCTYQ
2000-11-30,2000-11-29,CIT.A
2000-11-30,2000-11-29,COC.B
2000-11-30,2000-11-29,DALRQ
2000-11-30,2000-11-29,DCNAQ
2000-11-30,2000-11-29,DPHIQ
2000-11-30,2000-11-29,EKDKQ
2000-11-30,2000-11-29,ENRNQ
2000-11-30,2000-11-29,FMCC
2000-11-30,2000-11-29,FNMA
2000-11-30,2000-11-29,INCLF
2000-11-30,2000-11-29,LEHMQ
2000-11-30,2000-11-29,MTLQQ
2000-11-30,2000-11-29,RDS.A
2000-11-30,2000-11-29,RSHCQ
2000-11-30,2000-11-29,UAWGQ
2000-11-30,2000-11-29,VSTNQ
2000-11-30,2000-11-29,WAMUQ
2000-11-30,2000-11-29,WCOEQ
2000-11-30,2000-11-29,WNDXQ
2000-12-29,2000-12-29,AABA
2000-12-29,2000-12-29,AAMRQ
2000-12-29,2000-12-29,ABKFQ
2000-12-29,2000-12-29,AZA.A
2000-12-29,2000-12-29,BF.B
2000-12-29,2000-12-29,CCTYQ
2000-12-29,2000-12-29,CIT.A
2000-12-29,2000-12-29,COC.B
2000-12-29,2000-12-29,CPNLQ
2000-12-29,2000-12-29,DALRQ
2000-12-29,2000-12-29,DCNAQ
2000-12-29,2000-12-29,DPHIQ
2000-12-29,2000-12-29,EKDKQ
2000-12-29,2000-12-29,ENRNQ
2000-12-29,2000-12-29,FMCC
2000-12-29,2000-12-29,FNMA
2000-12-29,2000-12-29,INCLF
2000-12-29,2000-12-29,LEHMQ
2000-12-29,2000-12-29,MTLQQ
2000-12-29,2000-12-29,RDS.A
2000-12-29,2000-12-29,RSHCQ
2000-12-29,2000-12-29,UAWGQ
2000-12-29,2000-12-29,VSTNQ
2000-12-29,2000-12-29,WAMUQ
2000-12-29,2000-12-29,WCOEQ
2000-12-29,2000-12-29,WNDXQ
2001-01-31,2001-01-31,AABA
2001-01-31,2001-01-31,AAMRQ
2001-01-31,2001-01-31,ABKFQ
2001-01-31,2001-01-31,AZA.A
2001-01-31,2001-01-31,BF.B
2001-01-31,2001-01-31,CCTYQ
2001-01-31,2001-01-31,CIT.A
2001-01-31,2001-01-31,COC.B
2001-01-31,2001-01-31,CPNLQ
2001-01-31,2001-01-31,DALRQ
2001-01-31,2001-01-31,DCNAQ
2001-01-31,2001-01-31,DPHIQ
2001-01-31,2001-01-31,EKDKQ
2001-01-31,2001-01-31,ENRNQ
2001-01-31,2001-01-31,FMCC
2001-01-31,2001-01-31,FNMA
2001-01-31,2001-01-31,INCLF
2001-01-31,2001-01-31,LEHMQ
2001-01-31,2001-01-31,MTLQQ
2001-01-31,2001-01-31,RDS.A
2001-01-31,2001-01-31,RSHCQ
2001-01-31,2001-01-31,UAWGQ
2001-01-31,2001-01-31,VSTNQ
2001-01-31,2001-01-31,WAMUQ
2001-01-31,2001-01-31,WCOEQ
2001-01-31,2001-01-31,WNDXQ
2001-02-28,2001-02-27,AABA
2001-02-28,2001-02-27,AAMRQ
2001-02-28,2001-02-27,ABKFQ
2001-02-28,2001-02-27,AZA.A
2001-02-28,2001-02-27,BF.B
2001-02-28,2001-02-27,CCTYQ
2001-02-28,2001-02-27,CIT.A
2001-02-28,2001-02-27,COC.B
2001-02-28,2001-02-27,CPNLQ
2001-02-28,2001-02-27,DALRQ
2001-02-28,2001-02-27,DCNAQ
2001-02-28,2001-02-27,DPHIQ
2001-02-28,2001-02-27,EKDKQ
2001-02-28,2001-02-27,ENRNQ
2001-02-28,2001-02-27,FMCC
2001-02-28,2001-02-27,FNMA
2001-02-28,2001-02-27,INCLF
2001-02-28,2001-02-27,LEHMQ
2001-02-28,2001-02-27,MTLQQ
2001-02-28,2001-02-27,RDS.A
2001-02-28,2001-02-27,RSHCQ
2001-02-28,2001-02-27,UAWGQ
2001-02-28,2001-02-27,VSTNQ
2001-02-28,2001-02-27,WAMUQ
2001-02-28,2001-02-27,WCOEQ
2001-02-28,2001-02-27,WNDXQ
2001-03-30,2001-03-30,AABA
2001-03-30,2001-03-30,AAMRQ
2001-03-30,2001-03-30,ABKFQ
2001-03-30,2001-03-30,AZA.A
2001-03-30,2001-03-30,BF.B
2001-03-30,2001-03-30,CCTYQ
2001-03-30,2001-03-30,CIT.A
2001-03-30,2001-03-30,COC.B
2001-03-30,2001-03-30,CPNLQ
2001-03-30,2001-03-30,DALRQ
2001-03-30,2001-03-30,DCNAQ
2001-03-30,2001-03-30,DPHIQ
2001-03-30,2001-03-30,EKDKQ
2001-03-30,2001-03-30,ENRNQ
2001-03-30,2001-03-30,FMCC
2001-03-30,2001-03-30,FNMA
2001-03-30,2001-03-30,INCLF
2001-03-30,2001-03-30,LEHMQ
2001-03-30,2001-03-30,MTLQQ
2001-03-30,2001-03-30,RDS.A
2001-03-30,2001-03-30,RSHCQ
2001-03-30,2001-03-30,UAWGQ
2001-03-30,2001-03-30,VSTNQ
2001-03-30,2001-03-30,WAMUQ
2001-03-30,2001-03-30,WCOEQ
2001-03-30,2001-03-30,WNDXQ
2001-04-30,2001-04-20,AABA
2001-04-30,2001-04-20,AAMRQ
2001-04-30,2001-04-20,ABKFQ
2001-04-30,2001-04-20,AZA.A
2001-04-30,2001-04-20,BF.B
2001-04-30,2001-04-20,CCTYQ
2001-04-30,2001-04-20,CIT.A
2001-04-30,2001-04-20,COC.B
2001-04-30,2001-04-20,CPNLQ
2001-04-30,2001-04-20,DALRQ
2001-04-30,2001-04-20,DCNAQ
2001-04-30,2001-04-20,DPHIQ
2001-04-30,2001-04-20,EKDKQ
2001-04-30,2001-04-20,ENRNQ
2001-04-30,2001-04-20,FMCC
2001-04-30,2001-04-20,FNMA
2001-04-30,2001-04-20,INCLF
2001-04-30,2001-04-20,LEHMQ
2001-04-30,2001-04-20,MTLQQ
2001-04-30,2001-04-20,RDS.A
2001-04-30,2001-04-20,RSHCQ
2001-04-30,2001-04-20,UAWGQ
2001-04-30,2001-04-20,VSTNQ
2001-04-30,2001-04-20,WAMUQ
2001-04-30,2001-04-20,WCOEQ
2001-04-30,2001-04-20,WNDXQ
2001-05-31,2001-05-31,AABA
2001-05-31,2001-05-31,AAMRQ
2001-05-31,2001-05-31,ABKFQ
2001-05-31,2001-05-31,AZA.A
2001-05-31,2001-05-31,BF.B
2001-05-31,2001-05-31,CCTYQ
2001-05-31,2001-05-31,CIT.A
2001-05-31,2001-05-31,COC.B
2001-05-31,2001-05-31,CPNLQ
2001-05-31,2001-05-31,DALRQ
2001-05-31,2001-05-31,DCNAQ
2001-05-31,2001-05-31,DPHIQ
2001-05-31,2001-05-31,EKDKQ
2001-05-31,2001-05-31,ENRNQ
2001-05-31,2001-05-31,FMCC
2001-05-31,2001-05-31,FNMA
2001-05-31,2001-05-31,INCLF
2001-05-31,2001-05-31,LEHMQ
2001-05-31,2001-05-31,MTLQQ
2001-05-31,2001-05-31,RDS.A
2001-05-31,2001-05-31,RSHCQ
2001-05-31,2001-05-31,UAWGQ
2001-05-31,2001-05-31,VSTNQ
2001-05-31,2001-05-31,WAMUQ
2001-05-31,2001-05-31,WCOEQ
2001-05-31,2001-05-31,WNDXQ
2001-06-29,2001-06-29,AABA
2001-06-29,2001-06-29,AAMRQ
2001-06-29,2001-06-29,ABKFQ
2001-06-29,2001-06-29,BF.B
2001-06-29,2001-06-29,CCTYQ
2001-06-29,2001-06-29,COC.B
2001-06-29,2001-06-29,CPNLQ
2001-06-29,2001-06-29,DALRQ
2001-06-29,2001-06-29,DCNAQ
2001-06-29,2001-06-29,DPHIQ
2001-06-29,2001-06-29,EKDKQ
2001-06-29,2001-06-29,ENRNQ
2001-06-29,2001-06-29,FMCC
2001-06-29,2001-06-29,FNMA
2001-06-29,2001-06-29,INCLF
2001-06-29,2001-06-29,LEHMQ
2001-06-29,2001-06-29,MTLQQ
2001-06-29,2001-06-29,RDS.A
2001-06-29,2001-06-29,RSHCQ
2001-06-29,2001-06-29,UAWGQ
2001-06-29,2001-06-29,VSTNQ
2001-06-29,2001-06-29,WAMUQ
2001-06-29,2001-06-29,WCOEQ
2001-06-29,2001-06-29,WNDXQ
2001-07-31,2001-07-31,AABA
2001-07-31,2001-07-31,AAMRQ
2001-07-31,2001-07-31,ABKFQ
2001-07-31,2001-07-31,BF.B
2001-07-31,2001-07-31,CCTYQ
2001-07-31,2001-07-31,COC.B
2001-07-31,2001-07-31,CPNLQ
2001-07-31,2001-07-31,DALRQ
2001-07-31,2001-07-31,DCNAQ
2001-07-31,2001-07-31,DPHIQ
2001-07-31,2001-07-31,EKDKQ
2001-07-31,2001-07-31,ENRNQ
2001-07-31,2001-07-31,FMCC
2001-07-31,2001-07-31,FNMA
2001-07-31,2001-07-31,INCLF
2001-07-31,2001-07-31,LEHMQ
2001-07-31,2001-07-31,MTLQQ
2001-07-31,2001-07-31,RDS.A
2001-07-31,2001-07-31,RSHCQ
2001-07-31,2001-07-31,UAWGQ
2001-07-31,2001-07-31,VSTNQ
2001-07-31,2001-07-31,WAMUQ
2001-07-31,2001-07-31,WCOEQ
2001-07-31,2001-07-31,WNDXQ
2001-08-31,2001-08-31,AABA
2001-08-31,2001-08-31,AAMRQ
2001-08-31,2001-08-31,ABKFQ
2001-08-31,2001-08-31,BF.B
2001-08-31,2001-08-31,CCTYQ
2001-08-31,2001-08-31,COC.B
2001-08-31,2001-08-31,CPNLQ
2001-08-31,2001-08-31,DALRQ
2001-08-31,2001-08-31,DCNAQ
2001-08-31,2001-08-31,DPHIQ
2001-08-31,2001-08-31,EKDKQ
2001-08-31,2001-08-31,ENRNQ
2001-08-31,2001-08-31,FMCC
2001-08-31,2001-08-31,FNMA
2001-08-31,2001-08-31,INCLF
2001-08-31,2001-08-31,LEHMQ
2001-08-31,2001-08-31,MTLQQ
2001-08-31,2001-08-31,RDS.A
2001-08-31,2001-08-31,RSHCQ
2001-08-31,2001-08-31,UAWGQ
2001-08-31,2001-08-31,VSTNQ
2001-08-31,2001-08-31,WAMUQ
2001-08-31,2001-08-31,WCOEQ
2001-08-31,2001-08-31,WNDXQ
2001-09-28,2001-09-26,AABA
2001-09-28,2001-09-26,AAMRQ
2001-09-28,2001-09-26,ABKFQ
2001-09-28,2001-09-26,BF.B
2001-09-28,2001-09-26,CCTYQ
2001-09-28,2001-09-26,COC.B
2001-09-28,2001-09-26,CPNLQ
2001-09-28,2001-09-26,DALRQ
2001-09-28,2001-09-26,DCNAQ
2001-09-28,2001-09-26,DPHIQ
2001-09-28,2001-09-26,EKDKQ
2001-09-28,2001-09-26,ENRNQ
2001-09-28,2001-09-26,FMCC
2001-09-28,2001-09-26,FNMA
2001-09-28,2001-09-26,INCLF
2001-09-28,2001-09-26,LEHMQ
2001-09-28,2001-09-26,MTLQQ
2001-09-28,2001-09-26,RDS.A
2001-09-28,2001-09-26,RSHCQ
2001-09-28,2001-09-26,UAWGQ
2001-09-28,2001-09-26,VSTNQ
2001-09-28,2001-09-26,WAMUQ
2001-09-28,2001-09-26,WCOEQ
2001-09-28,2001-09-26,WNDXQ
2001-10-31,2001-10-24,AABA
2001-10-31,2001-10-24,AAMRQ
2001-10-31,2001-10-24,ABKFQ
2001-10-31,2001-10-24,BF.B
2001-10-31,2001-10-24,CCTYQ
2001-10-31,2001-10-24,COC.B
2001-10-31,2001-10-24,CPNLQ
2001-10-31,2001-10-24,DALRQ
2001-10-31,2001-10-24,DCNAQ
2001-10-31,2001-10-24,DPHIQ
2001-10-31,2001-10-24,EKDKQ
2001-10-31,2001-10-24,ENRNQ
2001-10-31,2001-10-24,FMCC
2001-10-31,2001-10-24,FNMA
2001-10-31,2001-10-24,INCLF
2001-10-31,2001-10-24,LEHMQ
2001-10-31,2001-10-24,MTLQQ
2001-10-31,2001-10-24,RDS.A
2001-10-31,2001-10-24,RSHCQ
2001-10-31,2001-10-24,UAWGQ
2001-10-31,2001-10-24,VSTNQ
2001-10-31,2001-10-24,WAMUQ
2001-10-31,2001-10-24,WCOEQ
2001-10-31,2001-10-24,WNDXQ
2001-11-30,2001-11-30,AABA
2001-11-30,2001-11-30,AAMRQ
2001-11-30,2001-11-30,ABKFQ
2001-11-30,2001-11-30,BF.B
2001-11-30,2001-11-30,CCTYQ
2001-11-30,2001-11-30,COC.B
2001-11-30,2001-11-30,CPNLQ
2001-11-30,2001-11-30,DALRQ
2001-11-30,2001-11-30,DCNAQ
2001-11-30,2001-11-30,DPHIQ
2001-11-30,2001-11-30,EKDKQ
2001-11-30,2001-11-30,FMCC
2001-11-30,2001-11-30,FNMA
2001-11-30,2001-11-30,INCLF
2001-11-30,2001-11-30,LEHMQ
2001-11-30,2001-11-30,MTLQQ
2001-11-30,2001-11-30,RDS.A
2001-11-30,2001-11-30,RSHCQ
2001-11-30,2001-11-30,UAWGQ
2001-11-30,2001-11-30,VSTNQ
2001-11-30,2001-11-30,WAMUQ
2001-11-30,2001-11-30,WCOEQ
2001-11-30,2001-11-30,WNDXQ
2001-12-31,2001-12-24,AABA
2001-12-31,2001-12-24,AAMRQ
2001-12-31,2001-12-24,ABKFQ
2001-12-31,2001-12-24,BF.B
2001-12-31,2001-12-24,CCTYQ
2001-12-31,2001-12-24,COC.B
2001-12-31,2001-12-24,CPNLQ
2001-12-31,2001-12-24,DALRQ
2001-12-31,2001-12-24,DCNAQ
2001-12-31,2001-12-24,DPHIQ
2001-12-31,2001-12-24,EKDKQ
2001-12-31,2001-12-24,FMCC
2001-12-31,2001-12-24,FNMA
2001-12-31,2001-12-24,INCLF
2001-12-31,2001-12-24,LEHMQ
2001-12-31,2001-12-24,MTLQQ
2001-12-31,2001-12-24,RDS.A
2001-12-31,2001-12-24,RSHCQ
2001-12-31,2001-12-24,UAWGQ
2001-12-31,2001-12-24,VSTNQ
2001-12-31,2001-12-24,WAMUQ
2001-12-31,2001-12-24,WCOEQ
2001-12-31,2001-12-24,WNDXQ
2002-01-31,2002-01-31,AABA
2002-01-31,2002-01-31,AAMRQ
2002-01-31,2002-01-31,ABKFQ
2002-01-31,2002-01-31,BF.B
2002-01-31,2002-01-31,CCTYQ
2002-01-31,2002-01-31,COC.B
2002-01-31,2002-01-31,CPNLQ
2002-01-31,2002-01-31,DALRQ
2002-01-31,2002-01-31,DCNAQ
2002-01-31,2002-01-31,DPHIQ
2002-01-31,2002-01-31,EKDKQ
2002-01-31,2002-01-31,FMCC
2002-01-31,2002-01-31,FNMA
2002-01-31,2002-01-31,INCLF
2002-01-31,2002-01-31,LEHMQ
2002-01-31,2002-01-31,MTLQQ
2002-01-31,2002-01-31,RDS.A
2002-01-31,2002-01-31,RSHCQ
2002-01-31,2002-01-31,UAWGQ
2002-01-31,2002-01-31,VSTNQ
2002-01-31,2002-01-31,WAMUQ
2002-01-31,2002-01-31,WCOEQ
2002-01-31,2002-01-31,WNDXQ
2002-02-28,2002-02-26,AABA
2002-02-28,2002-02-26,AAMRQ
2002-02-28,2002-02-26,ABKFQ
2002-02-28,2002-02-26,BF.B
2002-02-28,2002-02-26,CCTYQ
2002-02-28,2002-02-26,COC.B
2002-02-28,2002-02-26,CPNLQ
2002-02-28,2002-02-26,DALRQ
2002-02-28,2002-02-26,DCNAQ
2002-02-28,2002-02-26,DPHIQ
2002-02-28,2002-02-26,EKDKQ
2002-02-28,2002-02-26,FMCC
2002-02-28,2002-02-26,FNMA
2002-02-28,2002-02-26,INCLF
2002-02-28,2002-02-26,LEHMQ
2002-02-28,2002-02-26,MTLQQ
2002-02-28,2002-02-26,RDS.A
2002-02-28,2002-02-26,RSHCQ
2002-02-28,2002-02-26,UAWGQ
2002-02-28,2002-02-26,VSTNQ
2002-02-28,2002-02-26,WAMUQ
2002-02-28,2002-02-26,WCOEQ
2002-02-28,2002-02-26,WNDXQ
2002-03-28,2002-03-28,AABA
2002-03-28,2002-03-28,AAMRQ
2002-03-28,2002-03-28,ABKFQ
2002-03-28,2002-03-28,BF.B
2002-03-28,2002-03-28,CCTYQ
2002-03-28,2002-03-28,COC.B
2002-03-28,2002-03-28,CPNLQ
2002-03-28,2002-03-28,DALRQ
2002-03-28,2002-03-28,DCNAQ
2002-03-28,2002-03-28,DPHIQ
2002-03-28,2002-03-28,EKDKQ
2002-03-28,2002-03-28,FMCC
2002-03-28,2002-03-28,FNMA
2002-03-28,2002-03-28,INCLF
2002-03-28,2002-03-28,LEHMQ
2002-03-28,2002-03-28,MTLQQ
2002-03-28,2002-03-28,RDS.A
2002-03-28,2002-03-28,RSHCQ
2002-03-28,2002-03-28,UAWGQ
2002-03-28,2002-03-28,VSTNQ
2002-03-28,2002-03-28,WAMUQ
2002-03-28,2002-03-28,WCOEQ
2002-03-28,2002-03-28,WNDXQ
2002-04-30,2002-04-19,AABA
2002-04-30,2002-04-19,AAMRQ
2002-04-30,2002-04-19,ABKFQ
2002-04-30,2002-04-19,BF.B
2002-04-30,2002-04-19,CCTYQ
2002-04-30,2002-04-19,COC.B
2002-04-30,2002-04-19,CPNLQ
2002-04-30,2002-04-19,DALRQ
2002-04-30,2002-04-19,DCNAQ
2002-04-30,2002-04-19,DPHIQ
2002-04-30,2002-04-19,EKDKQ
2002-04-30,2002-04-19,FMCC
2002-04-30,2002-04-19,FNMA
2002-04-30,2002-04-19,INCLF
2002-04-30,2002-04-19,LEHMQ
2002-04-30,2002-04-19,MTLQQ
2002-04-30,2002-04-19,RDS.A
2002-04-30,2002-04-19,RSHCQ
2002-04-30,2002-04-19,UAWGQ
2002-04-30,2002-04-19,VSTNQ
2002-04-30,2002-04-19,WAMUQ
2002-04-30,2002-04-19,WCOEQ
2002-04-30,2002-04-19,WNDXQ
2002-05-31,2002-05-30,AABA
2002-05-31,2002-05-30,AAMRQ
2002-05-31,2002-05-30,ABKFQ
2002-05-31,2002-05-30,BF.B
2002-05-31,2002-05-30,CCTYQ
2002-05-31,2002-05-30,COC.B
2002-05-31,2002-05-30,CPNLQ
2002-05-31,2002-05-30,DALRQ
2002-05-31,2002-05-30,DCNAQ
2002-05-31,2002-05-30,DPHIQ
2002-05-31,2002-05-30,EKDKQ
2002-05-31,2002-05-30,FMCC
2002-05-31,2002-05-30,FNMA
2002-05-31,2002-05-30,INCLF
2002-05-31,2002-05-30,LEHMQ
2002-05-31,2002-05-30,MTLQQ
2002-05-31,2002-05-30,RDS.A
2002-05-31,2002-05-30,RSHCQ
2002-05-31,2002-05-30,VSTNQ
2002-05-31,2002-05-30,WAMUQ
2002-05-31,2002-05-30,WNDXQ
2002-06-28,2002-06-27,AABA
2002-06-28,2002-06-27,AAMRQ
2002-06-28,2002-06-27,ABKFQ
2002-06-28,2002-06-27,BF.B
2002-06-28,2002-06-27,CCTYQ
2002-06-28,2002-06-27,COC.B
2002-06-28,2002-06-27,CPNLQ
2002-06-28,2002-06-27,DALRQ
2002-06-28,2002-06-27,DCNAQ
2002-06-28,2002-06-27,DPHIQ
2002-06-28,2002-06-27,EKDKQ
2002-06-28,2002-06-27,FMCC
2002-06-28,2002-06-27,FNMA
2002-06-28,2002-06-27,INCLF
2002-06-28,2002-06-27,LEHMQ
2002-06-28,2002-06-27,MTLQQ
2002-06-28,2002-06-27,RDS.A
2002-06-28,2002-06-27,RSHCQ
2002-06-28,2002-06-27,VSTNQ
2002-06-28,2002-06-27,WAMUQ
2002-06-28,2002-06-27,WNDXQ
2002-07-31,2002-07-30,AABA
2002-07-31,2002-07-30,AAMRQ
2002-07-31,2002-07-30,ABKFQ
2002-07-31,2002-07-30,BF.B
2002-07-31,2002-07-30,CCTYQ
2002-07-31,2002-07-30,COC.B
2002-07-31,2002-07-30,CPNLQ
2002-07-31,2002-07-30,DALRQ
2002-07-31,2002-07-30,DCNAQ
2002-07-31,2002-07-30,DPHIQ
2002-07-31,2002-07-30,EKDKQ
2002-07-31,2002-07-30,FMCC
2002-07-31,2002-07-30,FNMA
2002-07-31,2002-07-30,LEHMQ
2002-07-31,2002-07-30,MTLQQ
2002-07-31,2002-07-30,RSHCQ
2002-07-31,2002-07-30,VSTNQ
2002-07-31,2002-07-30,WAMUQ
2002-07-31,2002-07-30,WNDXQ
2002-08-30,2002-08-29,AABA
2002-08-30,2002-08-29,AAMRQ
2002-08-30,2002-08-29,ABKFQ
2002-08-30,2002-08-29,BF.B
2002-08-30,2002-08-29,CCTYQ
2002-08-30,2002-08-29,COC.B
2002-08-30,2002-08-29,CPNLQ
2002-08-30,2002-08-29,DALRQ
2002-08-30,2002-08-29,DCNAQ
2002-08-30,2002-08-29,DPHIQ
2002-08-30,2002-08-29,EKDKQ
2002-08-30,2002-08-29,FMCC
2002-08-30,2002-08-29,FNMA
2002-08-30,2002-08-29,LEHMQ
2002-08-30,2002-08-29,MTLQQ
2002-08-30,2002-08-29,RSHCQ
2002-08-30,2002-08-29,VSTNQ
2002-08-30,2002-08-29,WAMUQ
2002-08-30,2002-08-29,WNDXQ
2002-09-30,2002-09-27,AABA
2002-09-30,2002-09-27,AAMRQ
2002-09-30,2002-09-27,ABKFQ
2002-09-30,2002-09-27,BF.B
2002-09-30,2002-09-27,CCTYQ
2002-09-30,2002-09-27,CPNLQ
2002-09-30,2002-09-27,DALRQ
2002-09-30,2002-09-27,DCNAQ
2002-09-30,2002-09-27,DPHIQ
2002-09-30,2002-09-27,EKDKQ
2002-09-30,2002-09-27,FMCC
2002-09-30,2002-09-27,FNMA
2002-09-30,2002-09-27,LEHMQ
2002-09-30,2002-09-27,MTLQQ
2002-09-30,2002-09-27,RSHCQ
2002-09-30,2002-09-27,VSTNQ
2002-09-30,2002-09-27,WAMUQ
2002-09-30,2002-09-27,WNDXQ
2002-10-31,2002-10-29,AABA
2002-10-31,2002-10-29,AAMRQ
2002-10-31,2002-10-29,ABKFQ
2002-10-31,2002-10-29,BF.B
2002-10-31,2002-10-29,CCTYQ
2002-10-31,2002-10-29,CPNLQ
2002-10-31,2002-10-29,DALRQ
2002-10-31,2002-10-29,DCNAQ
2002-10-31,2002-10-29,DPHIQ
2002-10-31,2002-10-29,EKDKQ
2002-10-31,2002-10-29,FMCC
2002-10-31,2002-10-29,FNMA
2002-10-31,2002-10-29,LEHMQ
2002-10-31,2002-10-29,MTLQQ
2002-10-31,2002-10-29,RSHCQ
2002-10-31,2002-10-29,VSTNQ
2002-10-31,2002-10-29,WAMUQ
2002-10-31,2002-10-29,WNDXQ
2002-11-29,2002-11-26,AABA
2002-11-29,2002-11-26,AAMRQ
2002-11-29,2002-11-26,ABKFQ
2002-11-29,2002-11-26,BF.B
2002-11-29,2002-11-26,CCTYQ
2002-11-29,2002-11-26,CPNLQ
2002-11-29,2002-11-26,DALRQ
2002-11-29,2002-11-26,DCNAQ
2002-11-29,2002-11-26,DPHIQ
2002-11-29,2002-11-26,EKDKQ
2002-11-29,2002-11-26,FMCC
2002-11-29,2002-11-26,FNMA
2002-11-29,2002-11-26,LEHMQ
2002-11-29,2002-11-26,MTLQQ
2002-11-29,2002-11-26,RSHCQ
2002-11-29,2002-11-26,VSTNQ
2002-11-29,2002-11-26,WAMUQ
2002-11-29,2002-11-26,WNDXQ
2002-12-31,2002-12-30,AABA
2002-12-31,2002-12-30,AAMRQ
2002-12-31,2002-12-30,ABKFQ
2002-12-31,2002-12-30,BF.B
2002-12-31,2002-12-30,CCTYQ
2002-12-31,2002-12-30,CPNLQ
2002-12-31,2002-12-30,DALRQ
2002-12-31,2002-12-30,DCNAQ
2002-12-31,2002-12-30,DPHIQ
2002-12-31,2002-12-30,EKDKQ
2002-12-31,2002-12-30,FMCC
2002-12-31,2002-12-30,FNMA
2002-12-31,2002-12-30,LEHMQ
2002-12-31,2002-12-30,MTLQQ
2002-12-31,2002-12-30,RSHCQ
2002-12-31,2002-12-30,VSTNQ
2002-12-31,2002-12-30,WAMUQ
2002-12-31,2002-12-30,WNDXQ
2003-01-31,2003-01-29,AABA
2003-01-31,2003-01-29,AAMRQ
2003-01-31,2003-01-29,ABKFQ
2003-01-31,2003-01-29,BF.B
2003-01-31,2003-01-29,CCTYQ
2003-01-31,2003-01-29,CPNLQ
2003-01-31,2003-01-29,DALRQ
2003-01-31,2003-01-29,DCNAQ
2003-01-31,2003-01-29,DPHIQ
2003-01-31,2003-01-29,EKDKQ
2003-01-31,2003-01-29,FMCC
2003-01-31,2003-01-29,FNMA
2003-01-31,2003-01-29,LEHMQ
2003-01-31,2003-01-29,MTLQQ
2003-01-31,2003-01-29,RSHCQ
2003-01-31,2003-01-29,VSTNQ
2003-01-31,2003-01-29,WAMUQ
2003-01-31,2003-01-29,WNDXQ
2003-02-28,2003-02-28,AABA
2003-02-28,2003-02-28,AAMRQ
2003-02-28,2003-02-28,ABKFQ
2003-02-28,2003-02-28,BF.B
2003-02-28,2003-02-28,CCTYQ
2003-02-28,2003-02-28,CPNLQ
2003-02-28,2003-02-28,DALRQ
2003-02-28,2003-02-28,DCNAQ
2003-02-28,2003-02-28,DPHIQ
2003-02-28,2003-02-28,EKDKQ
2003-02-28,2003-02-28,FMCC
2003-02-28,2003-02-28,FNMA
2003-02-28,2003-02-28,LEHMQ
2003-02-28,2003-02-28,MTLQQ
2003-02-28,2003-02-28,RSHCQ
2003-02-28,2003-02-28,VSTNQ
2003-02-28,2003-02-28,WAMUQ
2003-02-28,2003-02-28,WNDXQ
2003-03-31,2003-03-31,AABA
2003-03-31,2003-03-31,ABKFQ
2003-03-31,2003-03-31,BF.B
2003-03-31,2003-03-31,CCTYQ
2003-03-31,2003-03-31,CPNLQ
2003-03-31,2003-03-31,DALRQ
2003-03-31,2003-03-31,DCNAQ
2003-03-31,2003-03-31,DPHIQ
2003-03-31,2003-03-31,EKDKQ
2003-03-31,2003-03-31,FMCC
2003-03-31,2003-03-31,FNMA
2003-03-31,2003-03-31,LEHMQ
2003-03-31,2003-03-31,MTLQQ
2003-03-31,2003-03-31,RSHCQ
2003-03-31,2003-03-31,VSTNQ
2003-03-31,2003-03-31,WAMUQ
2003-03-31,2003-03-31,WNDXQ
2003-04-30,2003-04-28,AABA
2003-04-30,2003-04-28,ABKFQ
2003-04-30,2003-04-28,BF.B
2003-04-30,2003-04-28,CCTYQ
2003-04-30,2003-04-28,CPNLQ
2003-04-30,2003-04-28,DALRQ
2003-04-30,2003-04-28,DCNAQ
2003-04-30,2003-04-28,DPHIQ
2003-04-30,2003-04-28,EKDKQ
2003-04-30,2003-04-28,FMCC
2003-04-30,2003-04-28,FNMA
2003-04-30,2003-04-28,LEHMQ
2003-04-30,2003-04-28,MTLQQ
2003-04-30,2003-04-28,RSHCQ
2003-04-30,2003-04-28,VSTNQ
2003-04-30,2003-04-28,WAMUQ
2003-04-30,2003-04-28,WNDXQ
2003-05-30,2003-05-29,AABA
2003-05-30,2003-05-29,ABKFQ
2003-05-30,2003-05-29,BF.B
2003-05-30,2003-05-29,CCTYQ
2003-05-30,2003-05-29,CPNLQ
2003-05-30,2003-05-29,DALRQ
2003-05-30,2003-05-29,DCNAQ
2003-05-30,2003-05-29,DPHIQ
2003-05-30,2003-05-29,EKDKQ
2003-05-30,2003-05-29,FMCC
2003-05-30,2003-05-29,FNMA
2003-05-30,2003-05-29,LEHMQ
2003-05-30,2003-05-29,MTLQQ
2003-05-30,2003-05-29,RSHCQ
2003-05-30,2003-05-29,VSTNQ
2003-05-30,2003-05-29,WAMUQ
2003-05-30,2003-05-29,WNDXQ
2003-06-30,2003-06-26,AABA
2003-06-30,2003-06-26,ABKFQ
2003-06-30,2003-06-26,BF.B
2003-06-30,2003-06-26,CCTYQ
2003-06-30,2003-06-26,CPNLQ
2003-06-30,2003-06-26,DALRQ
2003-06-30,2003-06-26,DCNAQ
2003-06-30,2003-06-26,DPHIQ
2003-06-30,2003-06-26,EKDKQ
2003-06-30,2003-06-26,FMCC
2003-06-30,2003-06-26,FNMA
2003-06-30,2003-06-26,LEHMQ
2003-06-30,2003-06-26,MTLQQ
2003-06-30,2003-06-26,RSHCQ
2003-06-30,2003-06-26,VSTNQ
2003-06-30,2003-06-26,WAMUQ
2003-06-30,2003-06-26,WNDXQ
2003-07-31,2003-07-29,AABA
2003-07-31,2003-07-29,ABKFQ
2003-07-31,2003-07-29,BF.B
2003-07-31,2003-07-29,CCTYQ
2003-07-31,2003-07-29,CPNLQ
2003-07-31,2003-07-29,DALRQ
2003-07-31,2003-07-29,DCNAQ
2003-07-31,2003-07-29,DPHIQ
2003-07-31,2003-07-29,EKDKQ
2003-07-31,2003-07-29,FMCC
2003-07-31,2003-07-29,FNMA
2003-07-31,2003-07-29,LEHMQ
2003-07-31,2003-07-29,MTLQQ
2003-07-31,2003-07-29,RSHCQ
2003-07-31,2003-07-29,VSTNQ
2003-07-31,2003-07-29,WAMUQ
2003-07-31,2003-07-29,WNDXQ
2003-08-29,2003-08-26,AABA
2003-08-29,2003-08-26,ABKFQ
2003-08-29,2003-08-26,BF.B
2003-08-29,2003-08-26,CCTYQ
2003-08-29,2003-08-26,CPNLQ
2003-08-29,2003-08-26,DALRQ
2003-08-29,2003-08-26,DCNAQ
2003-08-29,2003-08-26,DPHIQ
2003-08-29,2003-08-26,EKDKQ
2003-08-29,2003-08-26,FMCC
2003-08-29,2003-08-26,FNMA
2003-08-29,2003-08-26,LEHMQ
2003-08-29,2003-08-26,MTLQQ
2003-08-29,2003-08-26,RSHCQ
2003-08-29,2003-08-26,VSTNQ
2003-08-29,2003-08-26,WAMUQ
2003-08-29,2003-08-26,WNDXQ
2003-09-30,2003-09-30,AABA
2003-09-30,2003-09-30,ABKFQ
2003-09-30,2003-09-30,BF.B
2003-09-30,2003-09-30,CCTYQ
2003-09-30,2003-09-30,CPNLQ
2003-09-30,2003-09-30,DALRQ
2003-09-30,2003-09-30,DCNAQ
2003-09-30,2003-09-30,DPHIQ
2003-09-30,2003-09-30,EKDKQ
2003-09-30,2003-09-30,FMCC
2003-09-30,2003-09-30,FNMA
2003-09-30,2003-09-30,LEHMQ
2003-09-30,2003-09-30,MTLQQ
2003-09-30,2003-09-30,RSHCQ
2003-09-30,2003-09-30,VSTNQ
2003-09-30,2003-09-30,WAMUQ
2003-09-30,2003-09-30,WNDXQ
2003-10-31,2003-10-24,AABA
2003-10-31,2003-10-24,ABKFQ
2003-10-31,2003-10-24,BF.B
2003-10-31,2003-10-24,CCTYQ
2003-10-31,2003-10-24,CPNLQ
2003-10-31,2003-10-24,DALRQ
2003-10-31,2003-10-24,DCNAQ
2003-10-31,2003-10-24,DPHIQ
2003-10-31,2003-10-24,EKDKQ
2003-10-31,2003-10-24,FMCC
2003-10-31,2003-10-24,FNMA
2003-10-31,2003-10-24,LEHMQ
2003-10-31,2003-10-24,MTLQQ
2003-10-31,2003-10-24,RSHCQ
2003-10-31,2003-10-24,VSTNQ
2003-10-31,2003-10-24,WAMUQ
2003-10-31,2003-10-24,WNDXQ
2003-11-28,2003-11-25,AABA
2003-11-28,2003-11-25,ABKFQ
2003-11-28,2003-11-25,BF.B
2003-11-28,2003-11-25,CCTYQ
2003-11-28,2003-11-25,CPNLQ
2003-11-28,2003-11-25,DALRQ
2003-11-28,2003-11-25,DCNAQ
2003-11-28,2003-11-25,DPHIQ
2003-11-28,2003-11-25,EKDKQ
2003-11-28,2003-11-25,FMCC
2003-11-28,2003-11-25,FNMA
2003-11-28,2003-11-25,LEHMQ
2003-11-28,2003-11-25,MTLQQ
2003-11-28,2003-11-25,RSHCQ
2003-11-28,2003-11-25,VSTNQ
2003-11-28,2003-11-25,WAMUQ
2003-11-28,2003-11-25,WNDXQ
2003-12-31,2003-12-24,AABA
2003-12-31,2003-12-24,ABKFQ
2003-12-31,2003-12-24,BF.B
2003-12-31,2003-12-24,CCTYQ
2003-12-31,2003-12-24,CPNLQ
2003-12-31,2003-12-24,DALRQ
2003-12-31,2003-12-24,DCNAQ
2003-12-31,2003-12-24,DPHIQ
2003-12-31,2003-12-24,EKDKQ
2003-12-31,2003-12-24,FMCC
2003-12-31,2003-12-24,FNMA
2003-12-31,2003-12-24,LEHMQ
2003-12-31,2003-12-24,MTLQQ
2003-12-31,2003-12-24,RSHCQ
2003-12-31,2003-12-24,VSTNQ
2003-12-31,2003-12-24,WAMUQ
2003-12-31,2003-12-24,WNDXQ
2004-01-30,2004-01-28,AABA
2004-01-30,2004-01-28,ABKFQ
2004-01-30,2004-01-28,BF.B
2004-01-30,2004-01-28,CCTYQ
2004-01-30,2004-01-28,CPNLQ
2004-01-30,2004-01-28,DALRQ
2004-01-30,2004-01-28,DCNAQ
2004-01-30,2004-01-28,DPHIQ
2004-01-30,2004-01-28,EKDKQ
2004-01-30,2004-01-28,FMCC
2004-01-30,2004-01-28,FNMA
2004-01-30,2004-01-28,LEHMQ
2004-01-30,2004-01-28,MTLQQ
2004-01-30,2004-01-28,RSHCQ
2004-01-30,2004-01-28,VSTNQ
2004-01-30,2004-01-28,WAMUQ
2004-01-30,2004-01-28,WNDXQ
2004-02-27,2004-02-27,AABA
2004-02-27,2004-02-27,ABKFQ
2004-02-27,2004-02-27,BF.B
2004-02-27,2004-02-27,CCTYQ
2004-02-27,2004-02-27,CPNLQ
2004-02-27,2004-02-27,DALRQ
2004-02-27,2004-02-27,DCNAQ
2004-02-27,2004-02-27,DPHIQ
2004-02-27,2004-02-27,EKDKQ
2004-02-27,2004-02-27,FMCC
2004-02-27,2004-02-27,FNMA
2004-02-27,2004-02-27,LEHMQ
2004-02-27,2004-02-27,MTLQQ
2004-02-27,2004-02-27,RSHCQ
2004-02-27,2004-02-27,VSTNQ
2004-02-27,2004-02-27,WAMUQ
2004-02-27,2004-02-27,WNDXQ
2004-03-31,2004-03-29,AABA
2004-03-31,2004-03-29,ABKFQ
2004-03-31,2004-03-29,BF.B
2004-03-31,2004-03-29,CCTYQ
2004-03-31,2004-03-29,CPNLQ
2004-03-31,2004-03-29,DALRQ
2004-03-31,2004-03-29,DCNAQ
2004-03-31,2004-03-29,DPHIQ
2004-03-31,2004-03-29,EKDKQ
2004-03-31,2004-03-29,FMCC
2004-03-31,2004-03-29,FNMA
2004-03-31,2004-03-29,LEHMQ
2004-03-31,2004-03-29,MTLQQ
2004-03-31,2004-03-29,RSHCQ
2004-03-31,2004-03-29,VSTNQ
2004-03-31,2004-03-29,WAMUQ
2004-03-31,2004-03-29,WNDXQ
2004-04-30,2004-04-30,AABA
2004-04-30,2004-04-30,ABKFQ
2004-04-30,2004-04-30,BF.B
2004-04-30,2004-04-30,CCTYQ
2004-04-30,2004-04-30,CPNLQ
2004-04-30,2004-04-30,DALRQ
2004-04-30,2004-04-30,DCNAQ
2004-04-30,2004-04-30,DPHIQ
2004-04-30,2004-04-30,EKDKQ
2004-04-30,2004-04-30,FMCC
2004-04-30,2004-04-30,FNMA
2004-04-30,2004-04-30,LEHMQ
2004-04-30,2004-04-30,MTLQQ
2004-04-30,2004-04-30,RSHCQ
2004-04-30,2004-04-30,VSTNQ
2004-04-30,2004-04-30,WAMUQ
2004-04-30,2004-04-30,WNDXQ
2004-05-28,2004-05-27,AABA
2004-05-28,2004-05-27,ABKFQ
2004-05-28,2004-05-27,BF.B
2004-05-28,2004-05-27,CCTYQ
2004-05-28,2004-05-27,CPNLQ
2004-05-28,2004-05-27,DALRQ
2004-05-28,2004-05-27,DCNAQ
2004-05-28,2004-05-27,DPHIQ
2004-05-28,2004-05-27,EKDKQ
2004-05-28,2004-05-27,FMCC
2004-05-28,2004-05-27,FNMA
2004-05-28,2004-05-27,LEHMQ
2004-05-28,2004-05-27,MTLQQ
2004-05-28,2004-05-27,RSHCQ
2004-05-28,2004-05-27,VSTNQ
2004-05-28,2004-05-27,WAMUQ
2004-05-28,2004-05-27,WNDXQ
2004-06-30,2004-06-28,AABA
2004-06-30,2004-06-28,ABKFQ
2004-06-30,2004-06-28,BF.B
2004-06-30,2004-06-28,CCTYQ
2004-06-30,2004-06-28,CPNLQ
2004-06-30,2004-06-28,DALRQ
2004-06-30,2004-06-28,DCNAQ
2004-06-30,2004-06-28,DPHIQ
2004-06-30,2004-06-28,EKDKQ
2004-06-30,2004-06-28,FMCC
2004-06-30,2004-06-28,FNMA
2004-06-30,2004-06-28,LEHMQ
2004-06-30,2004-06-28,MTLQQ
2004-06-30,2004-06-28,RSHCQ
2004-06-30,2004-06-28,VSTNQ
2004-06-30,2004-06-28,WAMUQ
2004-06-30,2004-06-28,WNDXQ
2004-07-30,2004-07-29,AABA
2004-07-30,2004-07-29,ABKFQ
2004-07-30,2004-07-29,BF.B
2004-07-30,2004-07-29,CCTYQ
2004-07-30,2004-07-29,CPNLQ
2004-07-30,2004-07-29,DALRQ
2004-07-30,2004-07-29,DCNAQ
2004-07-30,2004-07-29,DPHIQ
2004-07-30,2004-07-29,EKDKQ
2004-07-30,2004-07-29,FMCC
2004-07-30,2004-07-29,FNMA
2004-07-30,2004-07-29,LEHMQ
2004-07-30,2004-07-29,MTLQQ
2004-07-30,2004-07-29,RSHCQ
2004-07-30,2004-07-29,VSTNQ
2004-07-30,2004-07-29,WAMUQ
2004-07-30,2004-07-29,WNDXQ
2004-08-31,2004-08-26,AABA
2004-08-31,2004-08-26,ABKFQ
2004-08-31,2004-08-26,BF.B
2004-08-31,2004-08-26,CCTYQ
2004-08-31,2004-08-26,CPNLQ
2004-08-31,2004-08-26,DALRQ
2004-08-31,2004-08-26,DCNAQ
2004-08-31,2004-08-26,DPHIQ
2004-08-31,2004-08-26,EKDKQ
2004-08-31,2004-08-26,FMCC
2004-08-31,2004-08-26,FNMA
2004-08-31,2004-08-26,LEHMQ
2004-08-31,2004-08-26,MTLQQ
2004-08-31,2004-08-26,RSHCQ
2004-08-31,2004-08-26,VSTNQ
2004-08-31,2004-08-26,WAMUQ
2004-08-31,2004-08-26,WNDXQ
2004-09-30,2004-09-28,AABA
2004-09-30,2004-09-28,ABKFQ
2004-09-30,2004-09-28,BF.B
2004-09-30,2004-09-28,CCTYQ
2004-09-30,2004-09-28,CPNLQ
2004-09-30,2004-09-28,DALRQ
2004-09-30,2004-09-28,DCNAQ
2004-09-30,2004-09-28,DPHIQ
2004-09-30,2004-09-28,EKDKQ
2004-09-30,2004-09-28,FMCC
2004-09-30,2004-09-28,FNMA
2004-09-30,2004-09-28,LEHMQ
2004-09-30,2004-09-28,MTLQQ
2004-09-30,2004-09-28,RSHCQ
2004-09-30,2004-09-28,VSTNQ
2004-09-30,2004-09-28,WAMUQ
2004-09-30,2004-09-28,WNDXQ
2004-10-29,2004-10-28,AABA
2004-10-29,2004-10-28,ABKFQ
2004-10-29,2004-10-28,BF.B
2004-10-29,2004-10-28,CCTYQ
2004-10-29,2004-10-28,CITGQ
2004-10-29,2004-10-28,CPNLQ
2004-10-29,2004-10-28,DALRQ
2004-10-29,2004-10-28,DCNAQ
2004-10-29,2004-10-28,DPHIQ
2004-10-29,2004-10-28,EKDKQ
2004-10-29,2004-10-28,FMCC
2004-10-29,2004-10-28,FNMA
2004-10-29,2004-10-28,LEHMQ
2004-10-29,2004-10-28,MTLQQ
2004-10-29,2004-10-28,RSHCQ
2004-10-29,2004-10-28,VSTNQ
2004-10-29,2004-10-28,WAMUQ
2004-10-29,2004-10-28,WNDXQ
2004-11-30,2004-11-26,AABA
2004-11-30,2004-11-26,ABKFQ
2004-11-30,2004-11-26,BF.B
2004-11-30,2004-11-26,CCTYQ
2004-11-30,2004-11-26,CITGQ
2004-11-30,2004-11-26,CPNLQ
2004-11-30,2004-11-26,DALRQ
2004-11-30,2004-11-26,DCNAQ
2004-11-30,2004-11-26,DPHIQ
2004-11-30,2004-11-26,EKDKQ
2004-11-30,2004-11-26,FMCC
2004-11-30,2004-11-26,FNMA
2004-11-30,2004-11-26,LEHMQ
2004-11-30,2004-11-26,MTLQQ
2004-11-30,2004-11-26,RSHCQ
2004-11-30,2004-11-26,VSTNQ
2004-11-30,2004-11-26,WAMUQ
2004-11-30,2004-11-26,WNDXQ
2004-12-31,2004-12-30,AABA
2004-12-31,2004-12-30,ABKFQ
2004-12-31,2004-12-30,BF.B
2004-12-31,2004-12-30,CCTYQ
2004-12-31,2004-12-30,CITGQ
2004-12-31,2004-12-30,CPNLQ
2004-12-31,2004-12-30,DALRQ
2004-12-31,2004-12-30,DCNAQ
2004-12-31,2004-12-30,DPHIQ
2004-12-31,2004-12-30,EKDKQ
2004-12-31,2004-12-30,FMCC
2004-12-31,2004-12-30,FNMA
2004-12-31,2004-12-30,LEHMQ
2004-12-31,2004-12-30,MTLQQ
2004-12-31,2004-12-30,RSHCQ
2004-12-31,2004-12-30,VSTNQ
2004-12-31,2004-12-30,WAMUQ
2005-01-31,2005-01-27,AABA
2005-01-31,2005-01-27,ABKFQ
2005-01-31,2005-01-27,BF.B
2005-01-31,2005-01-27,CCTYQ
2005-01-31,2005-01-27,CITGQ
2005-01-31,2005-01-27,CPNLQ
2005-01-31,2005-01-27,DALRQ
2005-01-31,2005-01-27,DCNAQ
2005-01-31,2005-01-27,DPHIQ
2005-01-31,2005-01-27,EKDKQ
2005-01-31,2005-01-27,FMCC
2005-01-31,2005-01-27,FNMA
2005-01-31,2005-01-27,LEHMQ
2005-01-31,2005-01-27,MTLQQ
2005-01-31,2005-01-27,RSHCQ
2005-01-31,2005-01-27,VSTNQ
2005-01-31,2005-01-27,WAMUQ
2005-02-28,2005-02-25,AABA
2005-02-28,2005-02-25,ABKFQ
2005-02-28,2005-02-25,BF.B
2005-02-28,2005-02-25,CCTYQ
2005-02-28,2005-02-25,CITGQ
2005-02-28,2005-02-25,CPNLQ
2005-02-28,2005-02-25,DALRQ
2005-02-28,2005-02-25,DCNAQ
2005-02-28,2005-02-25,DPHIQ
2005-02-28,2005-02-25,EKDKQ
2005-02-28,2005-02-25,FMCC
2005-02-28,2005-02-25,FNMA
2005-02-28,2005-02-25,LEHMQ
2005-02-28,2005-02-25,MTLQQ
2005-02-28,2005-02-25,RSHCQ
2005-02-28,2005-02-25,VSTNQ
2005-02-28,2005-02-25,WAMUQ
2005-03-31,2005-03-30,AABA
2005-03-31,2005-03-30,ABKFQ
2005-03-31,2005-03-30,BF.B
2005-03-31,2005-03-30,CCTYQ
2005-03-31,2005-03-30,CITGQ
2005-03-31,2005-03-30,CPNLQ
2005-03-31,2005-03-30,DALRQ
2005-03-31,2005-03-30,DCNAQ
2005-03-31,2005-03-30,DPHIQ
2005-03-31,2005-03-30,EKDKQ
2005-03-31,2005-03-30,FMCC
2005-03-31,2005-03-30,FNMA
2005-03-31,2005-03-30,LEHMQ
2005-03-31,2005-03-30,MTLQQ
2005-03-31,2005-03-30,RSHCQ
2005-03-31,2005-03-30,VSTNQ
2005-03-31,2005-03-30,WAMUQ
2005-04-29,2005-04-27,AABA
2005-04-29,2005-04-27,ABKFQ
2005-04-29,2005-04-27,BF.B
2005-04-29,2005-04-27,CCTYQ
2005-04-29,2005-04-27,CITGQ
2005-04-29,2005-04-27,CPNLQ
2005-04-29,2005-04-27,DALRQ
2005-04-29,2005-04-27,DCNAQ
2005-04-29,2005-04-27,DPHIQ
2005-04-29,2005-04-27,EKDKQ
2005-04-29,2005-04-27,FMCC
2005-04-29,2005-04-27,FNMA
2005-04-29,2005-04-27,LEHMQ
2005-04-29,2005-04-27,MTLQQ
2005-04-29,2005-04-27,RSHCQ
2005-04-29,2005-04-27,VSTNQ
2005-04-29,2005-04-27,WAMUQ
2005-05-31,2005-05-27,AABA
2005-05-31,2005-05-27,ABKFQ
2005-05-31,2005-05-27,BF.B
2005-05-31,2005-05-27,CCTYQ
2005-05-31,2005-05-27,CITGQ
2005-05-31,2005-05-27,CPNLQ
2005-05-31,2005-05-27,DALRQ
2005-05-31,2005-05-27,DCNAQ
2005-05-31,2005-05-27,DPHIQ
2005-05-31,2005-05-27,EKDKQ
2005-05-31,2005-05-27,FMCC
2005-05-31,2005-05-27,FNMA
2005-05-31,2005-05-27,LEHMQ
2005-05-31,2005-05-27,MTLQQ
2005-05-31,2005-05-27,RSHCQ
2005-05-31,2005-05-27,VSTNQ
2005-05-31,2005-05-27,WAMUQ
2005-06-30,2005-06-30,AABA
2005-06-30,2005-06-30,ABKFQ
2005-06-30,2005-06-30,BF.B
2005-06-30,2005-06-30,CCTYQ
2005-06-30,2005-06-30,CITGQ
2005-06-30,2005-06-30,CPNLQ
2005-06-30,2005-06-30,DALRQ
2005-06-30,2005-06-30,DCNAQ
2005-06-30,2005-06-30,DPHIQ
2005-06-30,2005-06-30,EKDKQ
2005-06-30,2005-06-30,FMCC
2005-06-30,2005-06-30,FNMA
2005-06-30,2005-06-30,LEHMQ
2005-06-30,2005-06-30,MTLQQ
2005-06-30,2005-06-30,RSHCQ
2005-06-30,2005-06-30,VSTNQ
2005-06-30,2005-06-30,WAMUQ
2005-07-29,2005-07-29,AABA
2005-07-29,2005-07-29,ABKFQ
2005-07-29,2005-07-29,BF.B
2005-07-29,2005-07-29,CCTYQ
2005-07-29,2005-07-29,CITGQ
2005-07-29,2005-07-29,CPNLQ
2005-07-29,2005-07-29,DALRQ
2005-07-29,2005-07-29,DCNAQ
2005-07-29,2005-07-29,DPHIQ
2005-07-29,2005-07-29,EKDKQ
2005-07-29,2005-07-29,FMCC
2005-07-29,2005-07-29,FNMA
2005-07-29,2005-07-29,LEHMQ
2005-07-29,2005-07-29,MTLQQ
2005-07-29,2005-07-29,RSHCQ
2005-07-29,2005-07-29,VSTNQ
2005-07-29,2005-07-29,WAMUQ
2005-08-31,2005-08-31,AABA
2005-08-31,2005-08-31,ABKFQ
2005-08-31,2005-08-31,BF.B
2005-08-31,2005-08-31,CCTYQ
2005-08-31,2005-08-31,CITGQ
2005-08-31,2005-08-31,CPNLQ
2005-08-31,2005-08-31,DCNAQ
2005-08-31,2005-08-31,DPHIQ
2005-08-31,2005-08-31,EKDKQ
2005-08-31,2005-08-31,FMCC
2005-08-31,2005-08-31,FNMA
2005-08-31,2005-08-31,LEHMQ
2005-08-31,2005-08-31,MTLQQ
2005-08-31,2005-08-31,RSHCQ
2005-08-31,2005-08-31,VSTNQ
2005-08-31,2005-08-31,WAMUQ
2005-09-30,2005-09-28,AABA
2005-09-30,2005-09-28,ABKFQ
2005-09-30,2005-09-28,BF.B
2005-09-30,2005-09-28,CCTYQ
2005-09-30,2005-09-28,CITGQ
2005-09-30,2005-09-28,CPNLQ
2005-09-30,2005-09-28,DCNAQ
2005-09-30,2005-09-28,DPHIQ
2005-09-30,2005-09-28,EKDKQ
2005-09-30,2005-09-28,FMCC
2005-09-30,2005-09-28,FNMA
2005-09-30,2005-09-28,LEHMQ
2005-09-30,2005-09-28,MTLQQ
2005-09-30,2005-09-28,RSHCQ
2005-09-30,2005-09-28,VSTNQ
2005-09-30,2005-09-28,WAMUQ
2005-10-31,2005-10-28,AABA
2005-10-31,2005-10-28,ABKFQ
2005-10-31,2005-10-28,BF.B
2005-10-31,2005-10-28,CCTYQ
2005-10-31,2005-10-28,CITGQ
2005-10-31,2005-10-28,CPNLQ
2005-10-31,2005-10-28,DCNAQ
2005-10-31,2005-10-28,EKDKQ
2005-10-31,2005-10-28,FMCC
2005-10-31,2005-10-28,FNMA
2005-10-31,2005-10-28,LEHMQ
2005-10-31,2005-10-28,MTLQQ
2005-10-31,2005-10-28,RSHCQ
2005-10-31,2005-10-28,VSTNQ
2005-10-31,2005-10-28,WAMUQ
2005-11-30,2005-11-28,AABA
2005-11-30,2005-11-28,ABKFQ
2005-11-30,2005-11-28,BF.B
2005-11-30,2005-11-28,CCTYQ
2005-11-30,2005-11-28,CITGQ
2005-11-30,2005-11-28,CPNLQ
2005-11-30,2005-11-28,DCNAQ
2005-11-30,2005-11-28,EKDKQ
2005-11-30,2005-11-28,FMCC
2005-11-30,2005-11-28,FNMA
2005-11-30,2005-11-28,LEHMQ
2005-11-30,2005-11-28,MTLQQ
2005-11-30,2005-11-28,RSHCQ
2005-11-30,2005-11-28,VSTNQ
2005-11-30,2005-11-28,WAMUQ
2005-12-30,2005-12-29,AABA
2005-12-30,2005-12-29,ABKFQ
2005-12-30,2005-12-29,BF.B
2005-12-30,2005-12-29,CCTYQ
2005-12-30,2005-12-29,CITGQ
2005-12-30,2005-12-29,DCNAQ
2005-12-30,2005-12-29,EKDKQ
2005-12-30,2005-12-29,FMCC
2005-12-30,2005-12-29,FNMA
2005-12-30,2005-12-29,LEHMQ
2005-12-30,2005-12-29,MTLQQ
2005-12-30,2005-12-29,RSHCQ
2005-12-30,2005-12-29,VSTNQ
2005-12-30,2005-12-29,WAMUQ
2006-01-31,2006-01-30,AABA
2006-01-31,2006-01-30,ABKFQ
2006-01-31,2006-01-30,BF.B
2006-01-31,2006-01-30,CCTYQ
2006-01-31,2006-01-30,CITGQ
2006-01-31,2006-01-30,DCNAQ
2006-01-31,2006-01-30,EKDKQ
2006-01-31,2006-01-30,FMCC
2006-01-31,2006-01-30,FNMA
2006-01-31,2006-01-30,LEHMQ
2006-01-31,2006-01-30,MTLQQ
2006-01-31,2006-01-30,RSHCQ
2006-01-31,2006-01-30,WAMUQ
2006-02-28,2006-02-28,AABA
2006-02-28,2006-02-28,ABKFQ
2006-02-28,2006-02-28,BF.B
2006-02-28,2006-02-28,CCTYQ
2006-02-28,2006-02-28,CITGQ
2006-02-28,2006-02-28,DCNAQ
2006-02-28,2006-02-28,EKDKQ
2006-02-28,2006-02-28,FMCC
2006-02-28,2006-02-28,FNMA
2006-02-28,2006-02-28,LEHMQ
2006-02-28,2006-02-28,MTLQQ
2006-02-28,2006-02-28,RSHCQ
2006-02-28,2006-02-28,WAMUQ
2006-03-31,2006-03-30,AABA
2006-03-31,2006-03-30,ABKFQ
2006-03-31,2006-03-30,BF.B
2006-03-31,2006-03-30,CCTYQ
2006-03-31,2006-03-30,CITGQ
2006-03-31,2006-03-30,EKDKQ
2006-03-31,2006-03-30,FMCC
2006-03-31,2006-03-30,FNMA
2006-03-31,2006-03-30,LEHMQ
2006-03-31,2006-03-30,MTLQQ
2006-03-31,2006-03-30,RSHCQ
2006-03-31,2006-03-30,WAMUQ
2006-04-28,2006-04-25,AABA
2006-04-28,2006-04-25,ABKFQ
2006-04-28,2006-04-25,BF.B
2006-04-28,2006-04-25,CCTYQ
2006-04-28,2006-04-25,CITGQ
2006-04-28,2006-04-25,EKDKQ
2006-04-28,2006-04-25,FMCC
2006-04-28,2006-04-25,FNMA
2006-04-28,2006-04-25,LEHMQ
2006-04-28,2006-04-25,MTLQQ
2006-04-28,2006-04-25,RSHCQ
2006-04-28,2006-04-25,WAMUQ
2006-05-31,2006-05-31,AABA
2006-05-31,2006-05-31,ABKFQ
2006-05-31,2006-05-31,BF.B
2006-05-31,2006-05-31,CCTYQ
2006-05-31,2006-05-31,CITGQ
2006-05-31,2006-05-31,EKDKQ
2006-05-31,2006-05-31,FMCC
2006-05-31,2006-05-31,FNMA
2006-05-31,2006-05-31,LEHMQ
2006-05-31,2006-05-31,MTLQQ
2006-05-31,2006-05-31,RSHCQ
2006-05-31,2006-05-31,WAMUQ
2006-06-30,2006-06-30,AABA
2006-06-30,2006-06-30,ABKFQ
2006-06-30,2006-06-30,BF.B
2006-06-30,2006-06-30,CCTYQ
2006-06-30,2006-06-30,CITGQ
2006-06-30,2006-06-30,EKDKQ
2006-06-30,2006-06-30,FMCC
2006-06-30,2006-06-30,FNMA
2006-06-30,2006-06-30,LEHMQ
2006-06-30,2006-06-30,MTLQQ
2006-06-30,2006-06-30,RSHCQ
2006-06-30,2006-06-30,WAMUQ
2006-07-31,2006-07-31,AABA
2006-07-31,2006-07-31,ABKFQ
2006-07-31,2006-07-31,BF.B
2006-07-31,2006-07-31,CCTYQ
2006-07-31,2006-07-31,CITGQ
2006-07-31,2006-07-31,EKDKQ
2006-07-31,2006-07-31,FMCC
2006-07-31,2006-07-31,FNMA
2006-07-31,2006-07-31,LEHMQ
2006-07-31,2006-07-31,MTLQQ
2006-07-31,2006-07-31,RSHCQ
2006-07-31,2006-07-31,WAMUQ
2006-08-31,2006-08-30,AABA
2006-08-31,2006-08-30,ABKFQ
2006-08-31,2006-08-30,BF.B
2006-08-31,2006-08-30,CCTYQ
2006-08-31,2006-08-30,CITGQ
2006-08-31,2006-08-30,EKDKQ
2006-08-31,2006-08-30,FMCC
2006-08-31,2006-08-30,FNMA
2006-08-31,2006-08-30,LEHMQ
2006-08-31,2006-08-30,MTLQQ
2006-08-31,2006-08-30,RSHCQ
2006-08-31,2006-08-30,WAMUQ
2006-09-29,2006-09-28,AABA
2006-09-29,2006-09-28,ABKFQ
2006-09-29,2006-09-28,BF.B
2006-09-29,2006-09-28,CCTYQ
2006-09-29,2006-09-28,CITGQ
2006-09-29,2006-09-28,EKDKQ
2006-09-29,2006-09-28,FMCC
2006-09-29,2006-09-28,FNMA
2006-09-29,2006-09-28,LEHMQ
2006-09-29,2006-09-28,MTLQQ
2006-09-29,2006-09-28,RSHCQ
2006-09-29,2006-09-28,WAMUQ
2006-10-31,2006-10-31,AABA
2006-10-31,2006-10-31,ABKFQ
2006-10-31,2006-10-31,BF.B
2006-10-31,2006-10-31,CCTYQ
2006-10-31,2006-10-31,CITGQ
2006-10-31,2006-10-31,EKDKQ
2006-10-31,2006-10-31,FMCC
2006-10-31,2006-10-31,FNMA
2006-10-31,2006-10-31,LEHMQ
2006-10-31,2006-10-31,MTLQQ
2006-10-31,2006-10-31,RSHCQ
2006-10-31,2006-10-31,WAMUQ
2006-11-30,2006-11-22,AABA
2006-11-30,2006-11-22,ABKFQ
2006-11-30,2006-11-22,BF.B
2006-11-30,2006-11-22,BTUUQ
2006-11-30,2006-11-22,CCTYQ
2006-11-30,2006-11-22,CITGQ
2006-11-30,2006-11-22,EKDKQ
2006-11-30,2006-11-22,FMCC
2006-11-30,2006-11-22,FNMA
2006-11-30,2006-11-22,LEHMQ
2006-11-30,2006-11-22,MTLQQ
2006-11-30,2006-11-22,RSHCQ
2006-11-30,2006-11-22,WAMUQ
2006-12-29,2006-12-29,AABA
2006-12-29,2006-12-29,ABKFQ
2006-12-29,2006-12-29,BF.B
2006-12-29,2006-12-29,BTUUQ
2006-12-29,2006-12-29,CCTYQ
2006-12-29,2006-12-29,CITGQ
2006-12-29,2006-12-29,EKDKQ
2006-12-29,2006-12-29,FMCC
2006-12-29,2006-12-29,FNMA
2006-12-29,2006-12-29,LEHMQ
2006-12-29,2006-12-29,MTLQQ
2006-12-29,2006-12-29,RSHCQ
2006-12-29,2006-12-29,WAMUQ
2007-01-31,2007-01-24,AABA
2007-01-31,2007-01-24,ABKFQ
2007-01-31,2007-01-24,BF.B
2007-01-31,2007-01-24,BTUUQ
2007-01-31,2007-01-24,CCTYQ
2007-01-31,2007-01-24,CITGQ
2007-01-31,2007-01-24,EKDKQ
2007-01-31,2007-01-24,FMCC
2007-01-31,2007-01-24,FNMA
2007-01-31,2007-01-24,LEHMQ
2007-01-31,2007-01-24,MTLQQ
2007-01-31,2007-01-24,RSHCQ
2007-01-31,2007-01-24,WAMUQ
2007-02-28,2007-02-26,AABA
2007-02-28,2007-02-26,ABKFQ
2007-02-28,2007-02-26,BF.B
2007-02-28,2007-02-26,BTUUQ
2007-02-28,2007-02-26,CCTYQ
2007-02-28,2007-02-26,CITGQ
2007-02-28,2007-02-26,EKDKQ
2007-02-28,2007-02-26,FMCC
2007-02-28,2007-02-26,FNMA
2007-02-28,2007-02-26,LEHMQ
2007-02-28,2007-02-26,MTLQQ
2007-02-28,2007-02-26,RSHCQ
2007-02-28,2007-02-26,WAMUQ
2007-03-30,2007-03-30,AABA
2007-03-30,2007-03-30,ABKFQ
2007-03-30,2007-03-30,BF.B
2007-03-30,2007-03-30,BTUUQ
2007-03-30,2007-03-30,CCTYQ
2007-03-30,2007-03-30,CITGQ
2007-03-30,2007-03-30,EKDKQ
2007-03-30,2007-03-30,FMCC
2007-03-30,2007-03-30,FNMA
2007-03-30,2007-03-30,LEHMQ
2007-03-30,2007-03-30,MTLQQ
2007-03-30,2007-03-30,RSHCQ
2007-03-30,2007-03-30,WAMUQ
2007-04-30,2007-04-26,AABA
2007-04-30,2007-04-26,ABKFQ
2007-04-30,2007-04-26,BF.B
2007-04-30,2007-04-26,BTUUQ
2007-04-30,2007-04-26,CCTYQ
2007-04-30,2007-04-26,CITGQ
2007-04-30,2007-04-26,EKDKQ
2007-04-30,2007-04-26,FMCC
2007-04-30,2007-04-26,FNMA
2007-04-30,2007-04-26,LEHMQ
2007-04-30,2007-04-26,MTLQQ
2007-04-30,2007-04-26,RSHCQ
2007-04-30,2007-04-26,WAMUQ
2007-05-31,2007-05-31,AABA
2007-05-31,2007-05-31,ABKFQ
2007-05-31,2007-05-31,BF.B
2007-05-31,2007-05-31,BTUUQ
2007-05-31,2007-05-31,CCTYQ
2007-05-31,2007-05-31,CITGQ
2007-05-31,2007-05-31,EKDKQ
2007-05-31,2007-05-31,FMCC
2007-05-31,2007-05-31,FNMA
2007-05-31,2007-05-31,LEHMQ
2007-05-31,2007-05-31,MTLQQ
2007-05-31,2007-05-31,RSHCQ
2007-05-31,2007-05-31,SUNEQ
2007-05-31,2007-05-31,WAMUQ
2007-06-29,2007-06-26,AABA
2007-06-29,2007-06-26,ABKFQ
2007-06-29,2007-06-26,BF.B
2007-06-29,2007-06-26,BTUUQ
2007-06-29,2007-06-26,CCTYQ
2007-06-29,2007-06-26,CITGQ
2007-06-29,2007-06-26,EKDKQ
2007-06-29,2007-06-26,FMCC
2007-06-29,2007-06-26,FNMA
2007-06-29,2007-06-26,LEHMQ
2007-06-29,2007-06-26,MTLQQ
2007-06-29,2007-06-26,RSHCQ
2007-06-29,2007-06-26,SUNEQ
2007-06-29,2007-06-26,WAMUQ
2007-07-31,2007-07-25,AABA
2007-07-31,2007-07-25,ABKFQ
2007-07-31,2007-07-25,BF.B
2007-07-31,2007-07-25,BTUUQ
2007-07-31,2007-07-25,CCTYQ
2007-07-31,2007-07-25,CITGQ
2007-07-31,2007-07-25,EKDKQ
2007-07-31,2007-07-25,FMCC
2007-07-31,2007-07-25,FNMA
2007-07-31,2007-07-25,LEHMQ
2007-07-31,2007-07-25,MTLQQ
2007-07-31,2007-07-25,RSHCQ
2007-07-31,2007-07-25,SUNEQ
2007-07-31,2007-07-25,WAMUQ
2007-08-31,2007-08-31,AABA
2007-08-31,2007-08-31,ABKFQ
2007-08-31,2007-08-31,BF.B
2007-08-31,2007-08-31,BTUUQ
2007-08-31,2007-08-31,CCTYQ
2007-08-31,2007-08-31,CITGQ
2007-08-31,2007-08-31,EKDKQ
2007-08-31,2007-08-31,FMCC
2007-08-31,2007-08-31,FNMA
2007-08-31,2007-08-31,LEHMQ
2007-08-31,2007-08-31,MTLQQ
2007-08-31,2007-08-31,RSHCQ
2007-08-31,2007-08-31,SUNEQ
2007-08-31,2007-08-31,WAMUQ
2007-09-28,2007-09-28,AABA
2007-09-28,2007-09-28,ABKFQ
2007-09-28,2007-09-28,BF.B
2007-09-28,2007-09-28,BTUUQ
2007-09-28,2007-09-28,CCTYQ
2007-09-28,2007-09-28,CITGQ
2007-09-28,2007-09-28,EKDKQ
2007-09-28,2007-09-28,FMCC
2007-09-28,2007-09-28,FNMA
2007-09-28,2007-09-28,LEHMQ
2007-09-28,2007-09-28,MTLQQ
2007-09-28,2007-09-28,RSHCQ
2007-09-28,2007-09-28,SUNEQ
2007-09-28,2007-09-28,WAMUQ
2007-10-31,2007-10-31,AABA
2007-10-31,2007-10-31,ABKFQ
2007-10-31,2007-10-31,BF.B
2007-10-31,2007-10-31,BTUUQ
2007-10-31,2007-10-31,CCTYQ
2007-10-31,2007-10-31,CITGQ
2007-10-31,2007-10-31,EKDKQ
2007-10-31,2007-10-31,FMCC
2007-10-31,2007-10-31,FNMA
2007-10-31,2007-10-31,LEHMQ
2007-10-31,2007-10-31,MTLQQ
2007-10-31,2007-10-31,RSHCQ
2007-10-31,2007-10-31,SUNEQ
2007-10-31,2007-10-31,WAMUQ
2007-11-30,2007-11-26,AABA
2007-11-30,2007-11-26,ABKFQ
2007-11-30,2007-11-26,BF.B
2007-11-30,2007-11-26,BTUUQ
2007-11-30,2007-11-26,CCTYQ
2007-11-30,2007-11-26,CITGQ
2007-11-30,2007-11-26,EKDKQ
2007-11-30,2007-11-26,FMCC
2007-11-30,2007-11-26,FNMA
2007-11-30,2007-11-26,LEHMQ
2007-11-30,2007-11-26,MTLQQ
2007-11-30,2007-11-26,RSHCQ
2007-11-30,2007-11-26,SUNEQ
2007-11-30,2007-11-26,WAMUQ
2007-12-31,2007-12-31,AABA
2007-12-31,2007-12-31,ABKFQ
2007-12-31,2007-12-31,BF.B
2007-12-31,2007-12-31,BTUUQ
2007-12-31,2007-12-31,CCTYQ
2007-12-31,2007-12-31,CITGQ
2007-12-31,2007-12-31,EKDKQ
2007-12-31,2007-12-31,FMCC
2007-12-31,2007-12-31,FNMA
2007-12-31,2007-12-31,LEHMQ
2007-12-31,2007-12-31,MTLQQ
2007-12-31,2007-12-31,RSHCQ
2007-12-31,2007-12-31,SUNEQ
2007-12-31,2007-12-31,WAMUQ
2008-01-31,2008-01-30,AABA
2008-01-31,2008-01-30,ABKFQ
2008-01-31,2008-01-30,BF.B
2008-01-31,2008-01-30,BTUUQ
2008-01-31,2008-01-30,CCTYQ
2008-01-31,2008-01-30,CITGQ
2008-01-31,2008-01-30,EKDKQ
2008-01-31,2008-01-30,FMCC
2008-01-31,2008-01-30,FNMA
2008-01-31,2008-01-30,LEHMQ
2008-01-31,2008-01-30,MTLQQ
2008-01-31,2008-01-30,RSHCQ
2008-01-31,2008-01-30,SUNEQ
2008-01-31,2008-01-30,WAMUQ
2008-02-29,2008-02-27,AABA
2008-02-29,2008-02-27,ABKFQ
2008-02-29,2008-02-27,BF.B
2008-02-29,2008-02-27,BTUUQ
2008-02-29,2008-02-27,CCTYQ
2008-02-29,2008-02-27,CITGQ
2008-02-29,2008-02-27,EKDKQ
2008-02-29,2008-02-27,FMCC
2008-02-29,2008-02-27,FNMA
2008-02-29,2008-02-27,LEHMQ
2008-02-29,2008-02-27,MTLQQ
2008-02-29,2008-02-27,RSHCQ
2008-02-29,2008-02-27,SUNEQ
2008-02-29,2008-02-27,WAMUQ
2008-03-31,2008-03-31,AABA
2008-03-31,2008-03-31,ABKFQ
2008-03-31,2008-03-31,BF.B
2008-03-31,2008-03-31,BTUUQ
2008-03-31,2008-03-31,CITGQ
2008-03-31,2008-03-31,EKDKQ
2008-03-31,2008-03-31,FMCC
2008-03-31,2008-03-31,FNMA
2008-03-31,2008-03-31,LEHMQ
2008-03-31,2008-03-31,MTLQQ
2008-03-31,2008-03-31,RSHCQ
2008-03-31,2008-03-31,SUNEQ
2008-03-31,2008-03-31,WAMUQ
2008-04-30,2008-04-28,AABA
2008-04-30,2008-04-28,ABKFQ
2008-04-30,2008-04-28,BF.B
2008-04-30,2008-04-28,BTUUQ
2008-04-30,2008-04-28,CITGQ
2008-04-30,2008-04-28,EKDKQ
2008-04-30,2008-04-28,FMCC
2008-04-30,2008-04-28,FNMA
2008-04-30,2008-04-28,LEHMQ
2008-04-30,2008-04-28,MTLQQ
2008-04-30,2008-04-28,RSHCQ
2008-04-30,2008-04-28,SUNEQ
2008-04-30,2008-04-28,WAMUQ
2008-05-30,2008-05-29,AABA
2008-05-30,2008-05-29,ABKFQ
2008-05-30,2008-05-29,BF.B
2008-05-30,2008-05-29,BTUUQ
2008-05-30,2008-05-29,CITGQ
2008-05-30,2008-05-29,EKDKQ
2008-05-30,2008-05-29,FMCC
2008-05-30,2008-05-29,FNMA
2008-05-30,2008-05-29,LEHMQ
2008-05-30,2008-05-29,MTLQQ
2008-05-30,2008-05-29,RSHCQ
2008-05-30,2008-05-29,SUNEQ
2008-05-30,2008-05-29,WAMUQ
2008-06-30,2008-06-30,AABA
2008-06-30,2008-06-30,BF.B
2008-06-30,2008-06-30,BTUUQ
2008-06-30,2008-06-30,CITGQ
2008-06-30,2008-06-30,EKDKQ
2008-06-30,2008-06-30,FMCC
2008-06-30,2008-06-30,FNMA
2008-06-30,2008-06-30,LEHMQ
2008-06-30,2008-06-30,MTLQQ
2008-06-30,2008-06-30,RSHCQ
2008-06-30,2008-06-30,SUNEQ
2008-06-30,2008-06-30,WAMUQ
2008-07-31,2008-07-31,AABA
2008-07-31,2008-07-31,BF.B
2008-07-31,2008-07-31,BTUUQ
2008-07-31,2008-07-31,CITGQ
2008-07-31,2008-07-31,EKDKQ
2008-07-31,2008-07-31,FMCC
2008-07-31,2008-07-31,FNMA
2008-07-31,2008-07-31,LEHMQ
2008-07-31,2008-07-31,MTLQQ
2008-07-31,2008-07-31,RSHCQ
2008-07-31,2008-07-31,SUNEQ
2008-07-31,2008-07-31,WAMUQ
2008-08-29,2008-08-28,AABA
2008-08-29,2008-08-28,BF.B
2008-08-29,2008-08-28,BTUUQ
2008-08-29,2008-08-28,CITGQ
2008-08-29,2008-08-28,EKDKQ
2008-08-29,2008-08-28,FMCC
2008-08-29,2008-08-28,FNMA
2008-08-29,2008-08-28,LEHMQ
2008-08-29,2008-08-28,MTLQQ
2008-08-29,2008-08-28,RSHCQ
2008-08-29,2008-08-28,SUNEQ
2008-08-29,2008-08-28,WAMUQ
2008-09-30,2008-09-30,AABA
2008-09-30,2008-09-30,BF.B
2008-09-30,2008-09-30,BTUUQ
2008-09-30,2008-09-30,CITGQ
2008-09-30,2008-09-30,EKDKQ
2008-09-30,2008-09-30,MTLQQ
2008-09-30,2008-09-30,RSHCQ
2008-09-30,2008-09-30,SUNEQ
2008-10-31,2008-10-31,AABA
2008-10-31,2008-10-31,BF.B
2008-10-31,2008-10-31,BTUUQ
2008-10-31,2008-10-31,CITGQ
2008-10-31,2008-10-31,EKDKQ
2008-10-31,2008-10-31,KDP
2008-10-31,2008-10-31,MTLQQ
2008-10-31,2008-10-31,RSHCQ
2008-10-31,2008-10-31,SUNEQ
2008-11-28,2008-11-28,AABA
2008-11-28,2008-11-28,BF.B
2008-11-28,2008-11-28,BTUUQ
2008-11-28,2008-11-28,CITGQ
2008-11-28,2008-11-28,EKDKQ
2008-11-28,2008-11-28,KDP
2008-11-28,2008-11-28,MTLQQ
2008-11-28,2008-11-28,RSHCQ
2008-11-28,2008-11-28,SUNEQ
2008-12-31,2008-12-29,AABA
2008-12-31,2008-12-29,BF.B
2008-12-31,2008-12-29,BTUUQ
2008-12-31,2008-12-29,CITGQ
2008-12-31,2008-12-29,EKDKQ
2008-12-31,2008-12-29,KDP
2008-12-31,2008-12-29,MTLQQ
2008-12-31,2008-12-29,RSHCQ
2008-12-31,2008-12-29,SUNEQ
2009-01-30,2009-01-30,AABA
2009-01-30,2009-01-30,BF.B
2009-01-30,2009-01-30,BTUUQ
2009-01-30,2009-01-30,CITGQ
2009-01-30,2009-01-30,EKDKQ
2009-01-30,2009-01-30,KDP
2009-01-30,2009-01-30,MTLQQ
2009-01-30,2009-01-30,RSHCQ
2009-01-30,2009-01-30,SUNEQ
2009-02-27,2009-02-27,AABA
2009-02-27,2009-02-27,BF.B
2009-02-27,2009-02-27,BTUUQ
2009-02-27,2009-02-27,CITGQ
2009-02-27,2009-02-27,EKDKQ
2009-02-27,2009-02-27,KDP
2009-02-27,2009-02-27,MTLQQ
2009-02-27,2009-02-27,RSHCQ
2009-02-27,2009-02-27,SUNEQ
2009-03-31,2009-03-31,AABA
2009-03-31,2009-03-31,BF.B
2009-03-31,2009-03-31,BTUUQ
2009-03-31,2009-03-31,CITGQ
2009-03-31,2009-03-31,EKDKQ
2009-03-31,2009-03-31,KDP
2009-03-31,2009-03-31,MTLQQ
2009-03-31,2009-03-31,RSHCQ
2009-03-31,2009-03-31,SUNEQ
2009-04-30,2009-04-28,AABA
2009-04-30,2009-04-28,BF.B
2009-04-30,2009-04-28,BTUUQ
2009-04-30,2009-04-28,CITGQ
2009-04-30,2009-04-28,EKDKQ
2009-04-30,2009-04-28,KDP
2009-04-30,2009-04-28,MTLQQ
2009-04-30,2009-04-28,RSHCQ
2009-04-30,2009-04-28,SUNEQ
2009-05-29,2009-05-29,AABA
2009-05-29,2009-05-29,BF.B
2009-05-29,2009-05-29,BTUUQ
2009-05-29,2009-05-29,CITGQ
2009-05-29,2009-05-29,EKDKQ
2009-05-29,2009-05-29,KDP
2009-05-29,2009-05-29,MTLQQ
2009-05-29,2009-05-29,RSHCQ
2009-05-29,2009-05-29,SUNEQ
2009-06-30,2009-06-30,AABA
2009-06-30,2009-06-30,BF.B
2009-06-30,2009-06-30,BTUUQ
2009-06-30,2009-06-30,CITGQ
2009-06-30,2009-06-30,EKDKQ
2009-06-30,2009-06-30,KDP
2009-06-30,2009-06-30,RSHCQ
2009-06-30,2009-06-30,SUNEQ
2009-07-31,2009-07-29,AABA
2009-07-31,2009-07-29,BF.B
2009-07-31,2009-07-29,BTUUQ
2009-07-31,2009-07-29,EKDKQ
2009-07-31,2009-07-29,KDP
2009-07-31,2009-07-29,RSHCQ
2009-07-31,2009-07-29,SUNEQ
2009-08-31,2009-08-31,AABA
2009-08-31,2009-08-31,BF.B
2009-08-31,2009-08-31,BTUUQ
2009-08-31,2009-08-31,EKDKQ
2009-08-31,2009-08-31,KDP
2009-08-31,2009-08-31,RSHCQ
2009-08-31,2009-08-31,SUNEQ
2009-09-30,2009-09-29,AABA
2009-09-30,2009-09-29,BF.B
2009-09-30,2009-09-29,BTUUQ
2009-09-30,2009-09-29,EKDKQ
2009-09-30,2009-09-29,KDP
2009-09-30,2009-09-29,RSHCQ
2009-09-30,2009-09-29,SUNEQ
2009-10-30,2009-10-29,AABA
2009-10-30,2009-10-29,BF.B
2009-10-30,2009-10-29,BTUUQ
2009-10-30,2009-10-29,EKDKQ
2009-10-30,2009-10-29,KDP
2009-10-30,2009-10-29,RSHCQ
2009-10-30,2009-10-29,SUNEQ
2009-11-30,2009-11-27,AABA
2009-11-30,2009-11-27,BF.B
2009-11-30,2009-11-27,BTUUQ
2009-11-30,2009-11-27,EKDKQ
2009-11-30,2009-11-27,KDP
2009-11-30,2009-11-27,RSHCQ
2009-11-30,2009-11-27,SUNEQ
2009-12-31,2009-12-30,AABA
2009-12-31,2009-12-30,BF.B
2009-12-31,2009-12-30,BTUUQ
2009-12-31,2009-12-30,EKDKQ
2009-12-31,2009-12-30,KDP
2009-12-31,2009-12-30,RSHCQ
2009-12-31,2009-12-30,SUNEQ
2010-01-29,2010-01-29,AABA
2010-01-29,2010-01-29,BF.B
2010-01-29,2010-01-29,BTUUQ
2010-01-29,2010-01-29,EKDKQ
2010-01-29,2010-01-29,KDP
2010-01-29,2010-01-29,RSHCQ
2010-01-29,2010-01-29,SUNEQ
2010-02-26,2010-02-26,AABA
2010-02-26,2010-02-26,BF.B
2010-02-26,2010-02-26,BRK.B
2010-02-26,2010-02-26,BTUUQ
2010-02-26,2010-02-26,EKDKQ
2010-02-26,2010-02-26,KDP
2010-02-26,2010-02-26,RSHCQ
2010-02-26,2010-02-26,SUNEQ
2010-03-31,2010-03-31,AABA
2010-03-31,2010-03-31,BF.B
2010-03-31,2010-03-31,BRK.B
2010-03-31,2010-03-31,BTUUQ
2010-03-31,2010-03-31,EKDKQ
2010-03-31,2010-03-31,KDP
2010-03-31,2010-03-31,RSHCQ
2010-03-31,2010-03-31,SUNEQ
2010-04-30,2010-04-30,AABA
2010-04-30,2010-04-30,BF.B
2010-04-30,2010-04-30,BRK.B
2010-04-30,2010-04-30,BTUUQ
2010-04-30,2010-04-30,EKDKQ
2010-04-30,2010-04-30,KDP
2010-04-30,2010-04-30,RSHCQ
2010-04-30,2010-04-30,SUNEQ
2010-05-28,2010-05-28,AABA
2010-05-28,2010-05-28,BF.B
2010-05-28,2010-05-28,BRK.B
2010-05-28,2010-05-28,BTUUQ
2010-05-28,2010-05-28,EKDKQ
2010-05-28,2010-05-28,KDP
2010-05-28,2010-05-28,RSHCQ
2010-05-28,2010-05-28,SUNEQ
2010-06-30,2010-06-29,AABA
2010-06-30,2010-06-29,BF.B
2010-06-30,2010-06-29,BRK.B
2010-06-30,2010-06-29,BTUUQ
2010-06-30,2010-06-29,EKDKQ
2010-06-30,2010-06-29,KDP
2010-06-30,2010-06-29,RSHCQ
2010-06-30,2010-06-29,SUNEQ
2010-07-30,2010-07-30,AABA
2010-07-30,2010-07-30,BF.B
2010-07-30,2010-07-30,BRK.B
2010-07-30,2010-07-30,BTUUQ
2010-07-30,2010-07-30,EKDKQ
2010-07-30,2010-07-30,KDP
2010-07-30,2010-07-30,RSHCQ
2010-07-30,2010-07-30,SUNEQ
2010-08-31,2010-08-31,AABA
2010-08-31,2010-08-31,BF.B
2010-08-31,2010-08-31,BRK.B
2010-08-31,2010-08-31,BTUUQ
2010-08-31,2010-08-31,EKDKQ
2010-08-31,2010-08-31,KDP
2010-08-31,2010-08-31,RSHCQ
2010-08-31,2010-08-31,SUNEQ
2010-09-30,2010-09-29,AABA
2010-09-30,2010-09-29,BF.B
2010-09-30,2010-09-29,BRK.B
2010-09-30,2010-09-29,BTUUQ
2010-09-30,2010-09-29,EKDKQ
2010-09-30,2010-09-29,KDP
2010-09-30,2010-09-29,RSHCQ
2010-09-30,2010-09-29,SUNEQ
2010-10-29,2010-10-29,AABA
2010-10-29,2010-10-29,BF.B
2010-10-29,2010-10-29,BRK.B
2010-10-29,2010-10-29,BTUUQ
2010-10-29,2010-10-29,EKDKQ
2010-10-29,2010-10-29,KDP
2010-10-29,2010-10-29,RSHCQ
2010-10-29,2010-10-29,SUNEQ
2010-11-30,2010-11-29,AABA
2010-11-30,2010-11-29,BF.B
2010-11-30,2010-11-29,BRK.B
2010-11-30,2010-11-29,BTUUQ
2010-11-30,2010-11-29,EKDKQ
2010-11-30,2010-11-29,KDP
2010-11-30,2010-11-29,RSHCQ
2010-11-30,2010-11-29,SUNEQ
2010-12-31,2010-12-31,AABA
2010-12-31,2010-12-31,BF.B
2010-12-31,2010-12-31,BRK.B
2010-12-31,2010-12-31,BTUUQ
2010-12-31,2010-12-31,KDP
2010-12-31,2010-12-31,RSHCQ
2010-12-31,2010-12-31,SUNEQ
2011-01-31,2011-01-25,AABA
2011-01-31,2011-01-25,BF.B
2011-01-31,2011-01-25,BRK.B
2011-01-31,2011-01-25,BTUUQ
2011-01-31,2011-01-25,KDP
2011-01-31,2011-01-25,RSHCQ
2011-01-31,2011-01-25,SUNEQ
2011-02-28,2011-02-28,AABA
2011-02-28,2011-02-28,BF.B
2011-02-28,2011-02-28,BRK.B
2011-02-28,2011-02-28,BTUUQ
2011-02-28,2011-02-28,KDP
2011-02-28,2011-02-28,RSHCQ
2011-02-28,2011-02-28,SUNEQ
2011-03-31,2011-03-23,AABA
2011-03-31,2011-03-23,BF.B
2011-03-31,2011-03-23,BRK.B
2011-03-31,2011-03-23,BTUUQ
2011-03-31,2011-03-23,KDP
2011-03-31,2011-03-23,RSHCQ
2011-03-31,2011-03-23,SUNEQ
2011-04-29,2011-04-29,AABA
2011-04-29,2011-04-29,BF.B
2011-04-29,2011-04-29,BRK.B
2011-04-29,2011-04-29,BTUUQ
2011-04-29,2011-04-29,KDP
2011-04-29,2011-04-29,RSHCQ
2011-04-29,2011-04-29,SUNEQ
2011-05-31,2011-05-23,AABA
2011-05-31,2011-05-23,BF.B
2011-05-31,2011-05-23,BRK.B
2011-05-31,2011-05-23,BTUUQ
2011-05-31,2011-05-23,KDP
2011-05-31,2011-05-23,RSHCQ
2011-05-31,2011-05-23,SUNEQ
2011-06-30,2011-06-30,AABA
2011-06-30,2011-06-30,ANRZQ
2011-06-30,2011-06-30,BF.B
2011-06-30,2011-06-30,BRK.B
2011-06-30,2011-06-30,BTUUQ
2011-06-30,2011-06-30,KDP
2011-06-30,2011-06-30,RSHCQ
2011-06-30,2011-06-30,SUNEQ
2011-07-29,2011-07-22,AABA
2011-07-29,2011-07-22,ANRZQ
2011-07-29,2011-07-22,BF.B
2011-07-29,2011-07-22,BRK.B
2011-07-29,2011-07-22,BTUUQ
2011-07-29,2011-07-22,KDP
2011-07-29,2011-07-22,SUNEQ
2011-08-31,2011-08-31,AABA
2011-08-31,2011-08-31,ANRZQ
2011-08-31,2011-08-31,BF.B
2011-08-31,2011-08-31,BRK.B
2011-08-31,2011-08-31,BTUUQ
2011-08-31,2011-08-31,KDP
2011-08-31,2011-08-31,SUNEQ
2011-09-30,2011-09-27,AABA
2011-09-30,2011-09-27,ANRZQ
2011-09-30,2011-09-27,BF.B
2011-09-30,2011-09-27,BRK.B
2011-09-30,2011-09-27,BTUUQ
2011-09-30,2011-09-27,KDP
2011-09-30,2011-09-27,SUNEQ
2011-10-31,2011-10-31,AABA
2011-10-31,2011-10-31,ANRZQ
2011-10-31,2011-10-31,BF.B
2011-10-31,2011-10-31,BRK.B
2011-10-31,2011-10-31,BTUUQ
2011-10-31,2011-10-31,KDP
2011-10-31,2011-10-31,SUNEQ
2011-11-30,2011-11-25,AABA
2011-11-30,2011-11-25,ANRZQ
2011-11-30,2011-11-25,BF.B
2011-11-30,2011-11-25,BRK.B
2011-11-30,2011-11-25,BTUUQ
2011-11-30,2011-11-25,KDP
2011-11-30,2011-11-25,SUNEQ
2011-12-30,2011-12-30,AABA
2011-12-30,2011-12-30,ANRZQ
2011-12-30,2011-12-30,BF.B
2011-12-30,2011-12-30,BRK.B
2011-12-30,2011-12-30,BTUUQ
2011-12-30,2011-12-30,KDP
2012-01-31,2012-01-23,AABA
2012-01-31,2012-01-23,ANRZQ
2012-01-31,2012-01-23,BF.B
2012-01-31,2012-01-23,BRK.B
2012-01-31,2012-01-23,BTUUQ
2012-01-31,2012-01-23,KDP
2012-02-29,2012-02-29,AABA
2012-02-29,2012-02-29,ANRZQ
2012-02-29,2012-02-29,BF.B
2012-02-29,2012-02-29,BRK.B
2012-02-29,2012-02-29,BTUUQ
2012-02-29,2012-02-29,KDP
2012-03-30,2012-03-22,AABA
2012-03-30,2012-03-22,ANRZQ
2012-03-30,2012-03-22,BF.B
2012-03-30,2012-03-22,BRK.B
2012-03-30,2012-03-22,BTUUQ
2012-03-30,2012-03-22,KDP
2012-04-30,2012-04-30,AABA
2012-04-30,2012-04-30,ANRZQ
2012-04-30,2012-04-30,BF.B
2012-04-30,2012-04-30,BRK.B
2012-04-30,2012-04-30,BTUUQ
2012-04-30,2012-04-30,KDP
2012-05-31,2012-05-30,AABA
2012-05-31,2012-05-30,ANRZQ
2012-05-31,2012-05-30,BF.B
2012-05-31,2012-05-30,BRK.B
2012-05-31,2012-05-30,BTUUQ
2012-05-31,2012-05-30,KDP
2012-06-29,2012-06-29,AABA
2012-06-29,2012-06-29,ANRZQ
2012-06-29,2012-06-29,BF.B
2012-06-29,2012-06-29,BRK.B
2012-06-29,2012-06-29,BTUUQ
2012-06-29,2012-06-29,KDP
2012-07-31,2012-07-31,AABA
2012-07-31,2012-07-31,ANRZQ
2012-07-31,2012-07-31,BF.B
2012-07-31,2012-07-31,BRK.B
2012-07-31,2012-07-31,BTUUQ
2012-07-31,2012-07-31,KDP
2012-08-31,2012-08-23,AABA
2012-08-31,2012-08-23,ANRZQ
2012-08-31,2012-08-23,BF.B
2012-08-31,2012-08-23,BRK.B
2012-08-31,2012-08-23,BTUUQ
2012-08-31,2012-08-23,KDP
2012-09-28,2012-09-25,AABA
2012-09-28,2012-09-25,ANRZQ
2012-09-28,2012-09-25,BF.B
2012-09-28,2012-09-25,BRK.B
2012-09-28,2012-09-25,BTUUQ
2012-09-28,2012-09-25,KDP
2012-10-31,2012-10-23,AABA
2012-10-31,2012-10-23,BF.B
2012-10-31,2012-10-23,BRK.B
2012-10-31,2012-10-23,BTUUQ
2012-10-31,2012-10-23,KDP
2012-11-30,2012-11-27,AABA
2012-11-30,2012-11-27,BF.B
2012-11-30,2012-11-27,BRK.B
2012-11-30,2012-11-27,BTUUQ
2012-11-30,2012-11-27,KDP
2012-12-31,2012-12-28,AABA
2012-12-31,2012-12-28,BF.B
2012-12-31,2012-12-28,BRK.B
2012-12-31,2012-12-28,BTUUQ
2012-12-31,2012-12-28,KDP
2013-01-31,2013-01-29,AABA
2013-01-31,2013-01-29,BF.B
2013-01-31,2013-01-29,BRK.B
2013-01-31,2013-01-29,BTUUQ
2013-01-31,2013-01-29,KDP
2013-02-28,2013-02-27,AABA
2013-02-28,2013-02-27,BF.B
2013-02-28,2013-02-27,BRK.B
2013-02-28,2013-02-27,BTUUQ
2013-02-28,2013-02-27,KDP
2013-03-28,2013-03-19,AABA
2013-03-28,2013-03-19,BF.B
2013-03-28,2013-03-19,BRK.B
2013-03-28,2013-03-19,BTUUQ
2013-03-28,2013-03-19,KDP
2013-04-30,2013-04-29,AABA
2013-04-30,2013-04-29,BF.B
2013-04-30,2013-04-29,BRK.B
2013-04-30,2013-04-29,BTUUQ
2013-04-30,2013-04-29,KDP
2013-05-31,2013-05-30,AABA
2013-05-31,2013-05-30,BF.B
2013-05-31,2013-05-30,BRK.B
2013-05-31,2013-05-30,BTUUQ
2013-05-31,2013-05-30,KDP
2013-06-28,2013-06-27,AABA
2013-06-28,2013-06-27,BF.B
2013-06-28,2013-06-27,BRK.B
2013-06-28,2013-06-27,BTUUQ
2013-06-28,2013-06-27,KDP
2013-07-31,2013-07-30,AABA
2013-07-31,2013-07-30,BF.B
2013-07-31,2013-07-30,BRK.B
2013-07-31,2013-07-30,BTUUQ
2013-07-31,2013-07-30,KDP
2013-08-30,2013-08-27,AABA
2013-08-30,2013-08-27,BF.B
2013-08-30,2013-08-27,BRK.B
2013-08-30,2013-08-27,BTUUQ
2013-08-30,2013-08-27,KDP
2013-09-30,2013-09-30,AABA
2013-09-30,2013-09-30,BF.B
2013-09-30,2013-09-30,BRK.B
2013-09-30,2013-09-30,BTUUQ
2013-09-30,2013-09-30,KDP
2013-10-31,2013-10-30,AABA
2013-10-31,2013-10-30,BF.B
2013-10-31,2013-10-30,BRK.B
2013-10-31,2013-10-30,BTUUQ
2013-10-31,2013-10-30,KDP
2013-11-29,2013-11-27,AABA
2013-11-29,2013-11-27,BF.B
2013-11-29,2013-11-27,BRK.B
2013-11-29,2013-11-27,BTUUQ
2013-11-29,2013-11-27,KDP
2013-12-31,2013-12-31,AABA
2013-12-31,2013-12-31,BF.B
2013-12-31,2013-12-31,BRK.B
2013-12-31,2013-12-31,BTUUQ
2013-12-31,2013-12-31,KDP
2014-01-31,2014-01-30,AABA
2014-01-31,2014-01-30,BF.B
2014-01-31,2014-01-30,BRK.B
2014-01-31,2014-01-30,BTUUQ
2014-01-31,2014-01-30,KDP
2014-02-28,2014-02-20,AABA
2014-02-28,2014-02-20,BF.B
2014-02-28,2014-02-20,BRK.B
2014-02-28,2014-02-20,BTUUQ
2014-02-28,2014-02-20,KDP
2014-03-31,2014-03-31,AABA
2014-03-31,2014-03-31,BF.B
2014-03-31,2014-03-31,BRK.B
2014-03-31,2014-03-31,BTUUQ
2014-03-31,2014-03-31,KDP
2014-04-30,2014-04-22,AABA
2014-04-30,2014-04-22,BF.B
2014-04-30,2014-04-22,BRK.B
2014-04-30,2014-04-22,BTUUQ
2014-04-30,2014-04-22,KDP
2014-05-30,2014-05-30,AABA
2014-05-30,2014-05-30,BF.B
2014-05-30,2014-05-30,BRK.B
2014-05-30,2014-05-30,BTUUQ
2014-05-30,2014-05-30,KDP
2014-06-30,2014-06-24,AABA
2014-06-30,2014-06-24,BF.B
2014-06-30,2014-06-24,BRK.B
2014-06-30,2014-06-24,BTUUQ
2014-06-30,2014-06-24,KDP
2014-07-31,2014-07-24,AABA
2014-07-31,2014-07-24,BF.B
2014-07-31,2014-07-24,BRK.B
2014-07-31,2014-07-24,BTUUQ
2014-07-31,2014-07-24,KDP
2014-08-29,2014-08-29,AABA
2014-08-29,2014-08-29,BF.B
2014-08-29,2014-08-29,BRK.B
2014-08-29,2014-08-29,BTUUQ
2014-08-29,2014-08-29,KDP
2014-09-30,2014-09-25,AABA
2014-09-30,2014-09-25,BF.B
2014-09-30,2014-09-25,BRK.B
2014-09-30,2014-09-25,KDP
2014-10-31,2014-10-24,AABA
2014-10-31,2014-10-24,BF.B
2014-10-31,2014-10-24,BRK.B
2014-10-31,2014-10-24,KDP
2014-11-28,2014-11-25,AABA
2014-11-28,2014-11-25,BF.B
2014-11-28,2014-11-25,BRK.B
2014-11-28,2014-11-25,KDP
2014-12-31,2014-12-24,AABA
2014-12-31,2014-12-24,BF.B
2014-12-31,2014-12-24,BRK.B
2014-12-31,2014-12-24,KDP
2015-01-30,2015-01-30,AABA
2015-01-30,2015-01-30,BF.B
2015-01-30,2015-01-30,BRK.B
2015-01-30,2015-01-30,KDP
2015-02-27,2015-02-19,AABA
2015-02-27,2015-02-19,BF.B
2015-02-27,2015-02-19,BRK.B
2015-02-27,2015-02-19,KDP
2015-03-31,2015-03-31,AABA
2015-03-31,2015-03-31,BF.B
2015-03-31,2015-03-31,BRK.B
2015-03-31,2015-03-31,KDP
2015-04-30,2015-04-21,AABA
2015-04-30,2015-04-21,BF.B
2015-04-30,2015-04-21,BRK.B
2015-04-30,2015-04-21,KDP
2015-05-29,2015-05-22,AABA
2015-05-29,2015-05-22,BF.B
2015-05-29,2015-05-22,BRK.B
2015-05-29,2015-05-22,KDP
2015-06-30,2015-06-30,AABA
2015-06-30,2015-06-30,BF.B
2015-06-30,2015-06-30,BRK.B
2015-06-30,2015-06-30,KDP
2015-07-31,2015-07-30,AABA
2015-07-31,2015-07-30,BF.B
2015-07-31,2015-07-30,BRK.B
2015-07-31,2015-07-30,KDP
2015-08-31,2015-08-31,AABA
2015-08-31,2015-08-31,BF.B
2015-08-31,2015-08-31,BRK.B
2015-08-31,2015-08-31,KDP
2015-09-30,2015-09-25,AABA
2015-09-30,2015-09-25,BF.B
2015-09-30,2015-09-25,BRK.B
2015-09-30,2015-09-25,KDP
2015-10-30,2015-10-28,AABA
2015-10-30,2015-10-28,BF.B
2015-10-30,2015-10-28,BRK.B
2015-10-30,2015-10-28,KDP
2015-11-30,2015-11-30,AABA
2015-11-30,2015-11-30,BF.B
2015-11-30,2015-11-30,BRK.B
2015-11-30,2015-11-30,KDP
2015-12-31,2015-12-31,AABA
2015-12-31,2015-12-31,BF.B
2015-12-31,2015-12-31,BRK.B
2015-12-31,2015-12-31,KDP
2016-01-29,2016-01-26,AABA
2016-01-29,2016-01-26,BF.B
2016-01-29,2016-01-26,BRK.B
2016-01-29,2016-01-26,CCEP
2016-01-29,2016-01-26,CPRI
2016-01-29,2016-01-26,KDP
2016-02-29,2016-02-26,AABA
2016-02-29,2016-02-26,BF.B
2016-02-29,2016-02-26,BRK.B
2016-02-29,2016-02-26,CCEP
2016-02-29,2016-02-26,CPRI
2016-02-29,2016-02-26,KDP
2016-03-31,2016-03-31,AABA
2016-03-31,2016-03-31,BF.B
2016-03-31,2016-03-31,BRK.B
2016-03-31,2016-03-31,CCEP
2016-03-31,2016-03-31,CPRI
2016-03-31,2016-03-31,KDP
2016-04-29,2016-04-28,AABA
2016-04-29,2016-04-28,BF.B
2016-04-29,2016-04-28,BRK.B
2016-04-29,2016-04-28,CCEP
2016-04-29,2016-04-28,CPRI
2016-04-29,2016-04-28,KDP
2016-05-31,2016-05-31,AABA
2016-05-31,2016-05-31,BF.B
2016-05-31,2016-05-31,BRK.B
2016-05-31,2016-05-31,CPRI
2016-05-31,2016-05-31,KDP
2016-06-30,2016-06-27,AABA
2016-06-30,2016-06-27,BF.B
2016-06-30,2016-06-27,BRK.B
2016-06-30,2016-06-27,CPRI
2016-06-30,2016-06-27,KDP
2016-07-29,2016-07-29,AABA
2016-07-29,2016-07-29,BF.B
2016-07-29,2016-07-29,BRK.B
2016-07-29,2016-07-29,CPRI
2016-07-29,2016-07-29,KDP
2016-08-31,2016-08-31,AABA
2016-08-31,2016-08-31,BF.B
2016-08-31,2016-08-31,BRK.B
2016-08-31,2016-08-31,CPRI
2016-08-31,2016-08-31,KDP
2016-09-30,2016-09-28,AABA
2016-09-30,2016-09-28,BF.B
2016-09-30,2016-09-28,BRK.B
2016-09-30,2016-09-28,CPRI
2016-09-30,2016-09-28,KDP
2016-10-31,2016-10-31,AABA
2016-10-31,2016-10-31,BF.B
2016-10-31,2016-10-31,BRK.B
2016-10-31,2016-10-31,CPRI
2016-10-31,2016-10-31,KDP
2016-10-31,2016-10-31,UAA
2016-11-30,2016-11-29,AABA
2016-11-30,2016-11-29,BF.B
2016-11-30,2016-11-29,BRK.B
2016-11-30,2016-11-29,CPRI
2016-11-30,2016-11-29,KDP
2016-12-30,2016-12-30,AABA
2016-12-30,2016-12-30,BF.B
2016-12-30,2016-12-30,BRK.B
2016-12-30,2016-12-30,CPRI
2016-12-30,2016-12-30,KDP
2017-01-31,2017-01-27,AABA
2017-01-31,2017-01-27,BF.B
2017-01-31,2017-01-27,BRK.B
2017-01-31,2017-01-27,CPRI
2017-01-31,2017-01-27,KDP
2017-02-28,2017-02-28,AABA
2017-02-28,2017-02-28,BF.B
2017-02-28,2017-02-28,BRK.B
2017-02-28,2017-02-28,CPRI
2017-02-28,2017-02-28,KDP
2017-03-31,2017-03-30,AABA
2017-03-31,2017-03-30,BF.B
2017-03-31,2017-03-30,BRK.B
2017-03-31,2017-03-30,CPRI
2017-03-31,2017-03-30,KDP
2017-04-28,2017-04-25,AABA
2017-04-28,2017-04-25,BF.B
2017-04-28,2017-04-25,BRK.B
2017-04-28,2017-04-25,CPRI
2017-04-28,2017-04-25,KDP
2017-05-31,2017-05-23,BF.B
2017-05-31,2017-05-23,BRK.B
2017-05-31,2017-05-23,CPRI
2017-05-31,2017-05-23,KDP
2017-06-30,2017-06-26,BF.B
2017-06-30,2017-06-26,BRK.B
2017-06-30,2017-06-26,CPRI
2017-06-30,2017-06-26,KDP
2017-07-31,2017-07-31,BF.B
2017-07-31,2017-07-31,BRK.B
2017-07-31,2017-07-31,CPRI
2017-07-31,2017-07-31,KDP
2017-08-31,2017-08-31,BF.B
2017-08-31,2017-08-31,BRK.B
2017-08-31,2017-08-31,CPRI
2017-08-31,2017-08-31,KDP
2017-09-29,2017-09-22,BF.B
2017-09-29,2017-09-22,BRK.B
2017-09-29,2017-09-22,CPRI
2017-09-29,2017-09-22,KDP
2017-10-31,2017-10-23,BF.B
2017-10-31,2017-10-23,BRK.B
2017-10-31,2017-10-23,CPRI
2017-10-31,2017-10-23,KDP
2017-11-30,2017-11-30,BF.B
2017-11-30,2017-11-30,BRK.B
2017-11-30,2017-11-30,CPRI
2017-11-30,2017-11-30,KDP
2017-12-29,2017-12-29,BF.B
2017-12-29,2017-12-29,BRK.B
2017-12-29,2017-12-29,CPRI
2017-12-29,2017-12-29,KDP
2018-01-31,2018-01-25,BF.B
2018-01-31,2018-01-25,BRK.B
2018-01-31,2018-01-25,CPRI
2018-01-31,2018-01-25,KDP
2018-02-28,2018-02-28,BF.B
2018-02-28,2018-02-28,BRK.B
2018-02-28,2018-02-28,CPRI
2018-02-28,2018-02-28,KDP
2018-03-29,2018-03-22,BF.B
2018-03-29,2018-03-22,BRK.B
2018-03-29,2018-03-22,CPRI
2018-03-29,2018-03-22,KDP
2018-04-30,2018-04-24,BF.B
2018-04-30,2018-04-24,BRK.B
2018-04-30,2018-04-24,CPRI
2018-04-30,2018-04-24,KDP
2018-05-31,2018-05-31,BF.B
2018-05-31,2018-05-31,BRK.B
2018-05-31,2018-05-31,CPRI
2018-05-31,2018-05-31,KDP
2018-06-29,2018-06-26,BF.B
2018-06-29,2018-06-26,BRK.B
2018-06-29,2018-06-26,CPRI
2018-07-31,2018-07-30,BF.B
2018-07-31,2018-07-30,BRK.B
2018-07-31,2018-07-30,CPRI
2018-08-31,2018-08-30,BF.B
2018-08-31,2018-08-30,BRK.B
2018-08-31,2018-08-30,CPRI
2018-09-28,2018-09-24,BF.B
2018-09-28,2018-09-24,BRK.B
2018-10-31,2018-10-31,BF.B
2018-10-31,2018-10-31,BRK.B
2018-11-30,2018-11-29,BF.B
2018-11-30,2018-11-29,BRK.B
2018-12-31,2018-12-24,BF.B
2018-12-31,2018-12-24,BRK.B
2019-01-31,2019-01-18,BF.B
2019-01-31,2019-01-18,BRK.B
2019-02-28,2019-02-27,BF.B
2019-02-28,2019-02-27,BRK.B
2019-03-29,2019-02-27,BF.B
2019-03-29,2019-02-27,BRK.B
2019-04-30,2019-04-02,BF.B
2019-04-30,2019-04-02,BRK.B
2019-05-31,2019-04-02,BF.B
2019-05-31,2019-04-02,BRK.B
2019-06-28,2019-06-07,BF.B
2019-06-28,2019-06-07,BRK.B
2019-07-31,2019-07-15,BF.B
2019-07-31,2019-07-15,BRK.B
2019-08-30,2019-08-09,BF.B
2019-08-30,2019-08-09,BRK.B
2019-09-30,2019-09-26,BF.B
2019-09-30,2019-09-26,BRK.B
2019-10-31,2019-10-18,BF.B
2019-10-31,2019-10-18,BRK.B
2019-11-29,2019-11-21,BF.B
2019-11-29,2019-11-21,BRK.B
2019-12-31,2019-12-23,BF.B
2019-12-31,2019-12-23,BRK.B
2020-01-31,2020-01-28,BF.B
2020-01-31,2020-01-28,BRK.B
2020-02-28,2020-01-28,BF.B
2020-02-28,2020-01-28,BRK.B
2020-03-31,2020-03-03,BF.B
2020-03-31,2020-03-03,BRK.B
2020-04-30,2020-04-06,BF.B
2020-04-30,2020-04-06,BRK.B
2020-05-29,2020-05-22,BF.B
2020-05-29,2020-05-22,BRK.B
2020-06-30,2020-06-22,BF.B
2020-06-30,2020-06-22,BRK.B
2020-07-31,2020-06-22,BF.B
2020-07-31,2020-06-22,BRK.B
2020-08-31,2020-06-22,BF.B
2020-08-31,2020-06-22,BRK.B
2020-09-30,2020-09-21,BF.B
2020-09-30,2020-09-21,BRK.B
2020-10-30,2020-10-12,BF.B
2020-10-30,2020-10-12,BRK.B
2020-11-30,2020-11-17,BF.B
2020-11-30,2020-11-17,BRK.B
2020-12-31,2020-12-21,BF.B
2020-12-31,2020-12-21,BRK.B
2021-01-29,2021-01-21,BF.B
2021-01-29,2021-01-21,BRK.B
2021-02-26,2021-02-12,BF.B
2021-02-26,2021-02-12,BRK.B
2021-03-31,2021-03-22,BF.B
2021-03-31,2021-03-22,BRK.B
2021-04-30,2021-04-20,BF.B
2021-04-30,2021-04-20,BRK.B
2021-05-28,2021-05-14,BF.B
2021-05-28,2021-05-14,BRK.B
2021-06-30,2021-06-04,BF.B
2021-06-30,2021-06-04,BRK.B
2021-07-30,2021-07-21,BF.B
2021-07-30,2021-07-21,BRK.B
2021-08-31,2021-08-30,BF.B
2021-08-31,2021-08-30,BRK.B
2021-09-30,2021-09-20,BF.B
2021-09-30,2021-09-20,BRK.B
2021-10-29,2021-10-04,BF.B
2021-10-29,2021-10-04,BRK.B
2021-11-30,2021-10-04,BF.B
2021-11-30,2021-10-04,BRK.B
2021-12-31,2021-12-20,BF.B
2021-12-31,2021-12-20,BRK.B
2022-01-31,2022-01-10,BF.B
2022-01-31,2022-01-10,BRK.B
2022-02-28,2022-02-17,BF.B
2022-02-28,2022-02-17,BRK.B
2022-03-31,2022-03-02,BF.B
2022-03-31,2022-03-02,BRK.B
2022-04-29,2022-04-11,BF.B
2022-04-29,2022-04-11,BRK.B
2022-05-31,2022-05-10,BF.B
2022-05-31,2022-05-10,BRK.B
2022-06-30,2022-06-28,BF.B
2022-06-30,2022-06-28,BRK.B
2022-07-29,2022-06-28,BF.B
2022-07-29,2022-06-28,BRK.B
2022-08-31,2022-06-28,BF.B
2022-08-31,2022-06-28,BRK.B
2022-09-30,2022-09-19,BF.B
2022-09-30,2022-09-19,BRK.B
2022-10-31,2022-10-12,BF.B
2022-10-31,2022-10-12,BRK.B
2022-11-30,2022-11-08,BF.B
2022-11-30,2022-11-08,BRK.B
2022-12-30,2022-12-22,BF.B
2022-12-30,2022-12-22,BRK.B
2023-01-31,2023-01-04,BF.B
2023-01-31,2023-01-04,BRK.B
2023-02-28,2023-01-04,BF.B
2023-02-28,2023-01-04,BRK.B
2023-03-31,2023-03-20,BF.B
2023-03-31,2023-03-20,BRK.B
2023-04-28,2023-03-20,BF.B
2023-04-28,2023-03-20,BRK.B
2023-05-31,2023-05-16,BF.B
2023-05-31,2023-05-16,BRK.B
2023-06-30,2023-06-20,BF.B
2023-06-30,2023-06-20,BRK.B
2023-07-31,2023-07-10,BF.B
2023-07-31,2023-07-10,BRK.B
2023-08-31,2023-08-30,BF.B
2023-08-31,2023-08-30,BRK.B
2023-09-29,2023-09-18,BF.B
2023-09-29,2023-09-18,BRK.B
2023-10-31,2023-10-18,BF.B
2023-10-31,2023-10-18,BRK.B
2023-11-30,2023-10-18,BF.B
2023-11-30,2023-10-18,BRK.B
2023-12-29,2023-10-18,BF.B
2023-12-29,2023-10-18,BRK.B
2024-01-31,2023-10-18,BF.B
2024-01-31,2023-10-18,BRK.B
2024-02-29,2024-02-01,BF.B
2024-02-29,2024-02-01,BRK.B
2024-03-28,2024-03-25,BF.B
2024-03-28,2024-03-25,BRK.B
2024-04-30,2024-04-03,BF.B
2024-04-30,2024-04-03,BRK.B
2024-05-31,2024-05-08,BF.B
2024-05-31,2024-05-08,BRK.B
2024-06-28,2024-06-24,BF.B
2024-06-28,2024-06-24,BRK.B
2024-07-31,2024-07-08,BF.B
2024-07-31,2024-07-08,BRK.B
2024-08-30,2024-07-08,BF.B
2024-08-30,2024-07-08,BRK.B
2024-09-30,2024-09-30,BF.B
2024-09-30,2024-09-30,BRK.B
2024-10-31,2024-10-01,BF.B
2024-10-31,2024-10-01,BRK.B
2024-11-29,2024-11-26,BF.B
2024-11-29,2024-11-26,BRK.B
2024-12-31,2024-12-23,BF.B
2024-12-31,2024-12-23,BRK.B
